task,fold,model,attack,epsilon,clean_acc,clean_f1,adv_acc,adv_f1,acc_drop,asr,evasion_asr,snn_agreement,num_classes,num_features
multi,1,RF,FGSM-SNN,0.05,0.6079664570230608,0.5019005057596536,0.4693396226415094,0.36384581315734665,0.13862683438155143,0.23487544483985764,0.07695729537366548,0.9122117400419287,6,453
multi,1,RF,PGD-10-SNN,0.05,0.6079664570230608,0.5019005057596536,0.535377358490566,0.4298403093491027,0.07258909853249484,0.1152135231316726,0.033807829181494664,0.9122117400419287,6,453
multi,1,RF,PGD-20-SNN,0.05,0.6079664570230608,0.5019005057596536,0.534853249475891,0.428345878368529,0.07311320754716988,0.11343416370106761,0.037366548042704624,0.9122117400419287,6,453
multi,1,RF,BBA,0.05,0.6079664570230608,0.5019005057596536,0.5230607966457023,0.4184826751490594,0.08490566037735858,0.1347864768683274,0.01601423487544484,0.9122117400419287,6,453
multi,1,RF,DBA-style,0.05,0.6079664570230608,0.5019005057596536,0.6053459119496856,0.4982966558481409,0.00262054507337528,0.003113879003558719,0.0,0.9122117400419287,6,453
multi,1,RF,FGSM-SNN,0.1,0.6079664570230608,0.5019005057596536,0.45676100628930816,0.3427683937685912,0.1512054507337527,0.2566725978647687,0.06227758007117438,0.9122117400419287,6,453
multi,1,RF,PGD-10-SNN,0.1,0.6079664570230608,0.5019005057596536,0.4727463312368973,0.3688441698445012,0.13522012578616355,0.21352313167259787,0.08140569395017794,0.9122117400419287,6,453
multi,1,RF,PGD-20-SNN,0.1,0.6079664570230608,0.5019005057596536,0.47327044025157233,0.3731511476333652,0.1346960167714885,0.2166370106761566,0.07873665480427046,0.9122117400419287,6,453
multi,1,RF,BBA,0.1,0.6079664570230608,0.5019005057596536,0.4415618448637317,0.3368688352091583,0.16640461215932917,0.2709074733096085,0.032473309608540925,0.9122117400419287,6,453
multi,1,RF,DBA-style,0.1,0.6079664570230608,0.5019005057596536,0.605083857442348,0.4983980420417483,0.002882599580712797,0.00400355871886121,0.0,0.9122117400419287,6,453
multi,1,RF,FGSM-SNN,0.2,0.6079664570230608,0.5019005057596536,0.4570230607966457,0.3558428925782923,0.15094339622641517,0.2557829181494662,0.17927046263345195,0.9122117400419287,6,453
multi,1,RF,PGD-10-SNN,0.2,0.6079664570230608,0.5019005057596536,0.42452830188679247,0.32300019772944233,0.18343815513626838,0.2949288256227758,0.12855871886120995,0.9122117400419287,6,453
multi,1,RF,PGD-20-SNN,0.2,0.6079664570230608,0.5019005057596536,0.4268867924528302,0.32723403730404005,0.18107966457023067,0.2931494661921708,0.12855871886120995,0.9122117400419287,6,453
multi,1,RF,BBA,0.2,0.6079664570230608,0.5019005057596536,0.35246331236897277,0.2346704156213944,0.2555031446540881,0.4110320284697509,0.08852313167259787,0.9122117400419287,6,453
multi,1,RF,DBA-style,0.2,0.6079664570230608,0.5019005057596536,0.6053459119496856,0.4986859571090185,0.00262054507337528,0.0035587188612099642,0.0,0.9122117400419287,6,453
multi,1,RF,FGSM-SNN,0.3,0.6079664570230608,0.5019005057596536,0.4562368972746331,0.36583342389550444,0.15172955974842772,0.2571174377224199,0.2451067615658363,0.9122117400419287,6,453
multi,1,RF,PGD-10-SNN,0.3,0.6079664570230608,0.5019005057596536,0.40749475890985326,0.30728409115879096,0.20047169811320759,0.3233985765124555,0.1659252669039146,0.9122117400419287,6,453
multi,1,RF,PGD-20-SNN,0.3,0.6079664570230608,0.5019005057596536,0.405398322851153,0.30323812653507315,0.20256813417190783,0.32562277580071175,0.1699288256227758,0.9122117400419287,6,453
multi,1,RF,BBA,0.3,0.6079664570230608,0.5019005057596536,0.3417190775681342,0.22295106610564885,0.26624737945492666,0.4306049822064057,0.12277580071174377,0.9122117400419287,6,453
multi,1,RF,DBA-style,0.3,0.6079664570230608,0.5019005057596536,0.6056079664570231,0.49892537535793785,0.002358490566037763,0.003113879003558719,0.0,0.9122117400419287,6,453
multi,1,DT,FGSM-SNN,0.05,0.5969601677148847,0.49056557597270156,0.43134171907756813,0.33819757103412346,0.16561844863731656,0.2808683853459973,0.24197195838986885,0.9179769392033543,6,453
multi,1,DT,PGD-10-SNN,0.05,0.5969601677148847,0.49056557597270156,0.3977987421383648,0.29243813864454,0.1991614255765199,0.3306196291270918,0.16689280868385345,0.9179769392033543,6,453
multi,1,DT,PGD-20-SNN,0.05,0.5969601677148847,0.49056557597270156,0.39832285115303984,0.29408619961486776,0.19863731656184486,0.3310719131614654,0.1691542288557214,0.9179769392033543,6,453
multi,1,DT,BBA,0.05,0.5969601677148847,0.49056557597270156,0.3259958071278826,0.2034478331719416,0.2709643605870021,0.43735866123925826,0.12935323383084577,0.9179769392033543,6,453
multi,1,DT,DBA-style,0.05,0.5969601677148847,0.49056557597270156,0.33464360587002095,0.20499146585534167,0.26231656184486374,0.431026684758028,0.10673903211216644,0.9179769392033543,6,453
multi,1,DT,FGSM-SNN,0.1,0.5969601677148847,0.49056557597270156,0.4169287211740042,0.31404568743863276,0.1800314465408805,0.3043871551334238,0.2596110357304387,0.9179769392033543,6,453
multi,1,DT,PGD-10-SNN,0.1,0.5969601677148847,0.49056557597270156,0.3828616352201258,0.2781099680139966,0.2140985324947589,0.35639981908638624,0.17096336499321574,0.9179769392033543,6,453
multi,1,DT,PGD-20-SNN,0.1,0.5969601677148847,0.49056557597270156,0.38967505241090145,0.2860963040927242,0.20728511530398325,0.344640434192673,0.16056083220262324,0.9179769392033543,6,453
multi,1,DT,BBA,0.1,0.5969601677148847,0.49056557597270156,0.32573375262054505,0.200511000070644,0.27122641509433965,0.43781094527363185,0.14020805065581185,0.9179769392033543,6,453
multi,1,DT,DBA-style,0.1,0.5969601677148847,0.49056557597270156,0.32966457023060797,0.19493618662167467,0.2672955974842767,0.43509724106739034,0.11940298507462686,0.9179769392033543,6,453
multi,1,DT,FGSM-SNN,0.2,0.5969601677148847,0.49056557597270156,0.4187631027253669,0.3070891151845594,0.17819706498951782,0.30303030303030304,0.23835368611488014,0.9179769392033543,6,453
multi,1,DT,PGD-10-SNN,0.2,0.5969601677148847,0.49056557597270156,0.3888888888888889,0.283562070600283,0.2080712788259958,0.34780642243328813,0.15784712799638173,0.9179769392033543,6,453
multi,1,DT,PGD-20-SNN,0.2,0.5969601677148847,0.49056557597270156,0.38836477987421386,0.2845482262626156,0.20859538784067083,0.3509724106739032,0.1691542288557214,0.9179769392033543,6,453
multi,1,DT,BBA,0.2,0.5969601677148847,0.49056557597270156,0.32573375262054505,0.2004634292521219,0.27122641509433965,0.43781094527363185,0.17005879692446857,0.9179769392033543,6,453
multi,1,DT,DBA-style,0.2,0.5969601677148847,0.49056557597270156,0.3283542976939203,0.19277631841698487,0.26860587002096437,0.43509724106739034,0.11940298507462686,0.9179769392033543,6,453
multi,1,DT,FGSM-SNN,0.3,0.5969601677148847,0.49056557597270156,0.4192872117400419,0.3049935317863759,0.17767295597484278,0.3012211668928087,0.20714608774310267,0.9179769392033543,6,453
multi,1,DT,PGD-10-SNN,0.3,0.5969601677148847,0.49056557597270156,0.38836477987421386,0.28133974927551564,0.20859538784067083,0.3464495703301673,0.15739484396200815,0.9179769392033543,6,453
multi,1,DT,PGD-20-SNN,0.3,0.5969601677148847,0.49056557597270156,0.3870545073375262,0.28022463882411375,0.20990566037735847,0.3473541383989145,0.15920398009950248,0.9179769392033543,6,453
multi,1,DT,BBA,0.3,0.5969601677148847,0.49056557597270156,0.32573375262054505,0.20199697688206883,0.27122641509433965,0.43781094527363185,0.16824966078697423,0.9179769392033543,6,453
multi,1,DT,DBA-style,0.3,0.5969601677148847,0.49056557597270156,0.3283542976939203,0.19277631841698487,0.26860587002096437,0.43509724106739034,0.11940298507462686,0.9179769392033543,6,453
multi,1,XGBoost,FGSM-SNN,0.05,0.6118972746331237,0.5066218054988113,0.4101153039832285,0.30598134134949634,0.20178197064989523,0.33613445378151263,0.011499336576735958,0.924266247379455,6,453
multi,1,XGBoost,PGD-10-SNN,0.05,0.6118972746331237,0.5066218054988113,0.41457023060796644,0.3148136074261273,0.19732704402515727,0.32242370632463513,0.03582485625829279,0.924266247379455,6,453
multi,1,XGBoost,PGD-20-SNN,0.05,0.6118972746331237,0.5066218054988113,0.4111635220125786,0.30749197468262546,0.2007337526205451,0.32463511720477667,0.03051747014595312,0.924266247379455,6,453
multi,1,XGBoost,BBA,0.05,0.6118972746331237,0.5066218054988113,0.3642557651991614,0.25351665502748105,0.2476415094339623,0.39628482972136225,0.028748341441839895,0.924266247379455,6,453
multi,1,XGBoost,DBA-style,0.05,0.6118972746331237,0.5066218054988113,0.60062893081761,0.49321075609197007,0.01126834381551367,0.015037593984962405,0.0004422821760283061,0.924266247379455,6,453
multi,1,XGBoost,FGSM-SNN,0.1,0.6118972746331237,0.5066218054988113,0.40670859538784065,0.30342450928665887,0.20518867924528306,0.3383458646616541,0.040689960194604156,0.924266247379455,6,453
multi,1,XGBoost,PGD-10-SNN,0.1,0.6118972746331237,0.5066218054988113,0.375,0.26559563296586586,0.2368972746331237,0.3816895179124281,0.08668730650154799,0.924266247379455,6,453
multi,1,XGBoost,PGD-20-SNN,0.1,0.6118972746331237,0.5066218054988113,0.37735849056603776,0.2681757089219702,0.23453878406708595,0.3790358248562583,0.08359133126934984,0.924266247379455,6,453
multi,1,XGBoost,BBA,0.1,0.6118972746331237,0.5066218054988113,0.3380503144654088,0.21573314904549123,0.2738469601677149,0.4356479433878815,0.040689960194604156,0.924266247379455,6,453
multi,1,XGBoost,DBA-style,0.1,0.6118972746331237,0.5066218054988113,0.60062893081761,0.4930824371283889,0.01126834381551367,0.015037593984962405,0.0004422821760283061,0.924266247379455,6,453
multi,1,XGBoost,FGSM-SNN,0.2,0.6118972746331237,0.5066218054988113,0.40644654088050314,0.30490633634959285,0.20545073375262057,0.33878814683768244,0.11587793011941619,0.924266247379455,6,453
multi,1,XGBoost,PGD-10-SNN,0.2,0.6118972746331237,0.5066218054988113,0.3553459119496855,0.24183499463809083,0.2565513626834382,0.4166298098186643,0.14551083591331268,0.924266247379455,6,453
multi,1,XGBoost,PGD-20-SNN,0.2,0.6118972746331237,0.5066218054988113,0.3553459119496855,0.24031612343418376,0.2565513626834382,0.41264927023440956,0.14904909332153915,0.924266247379455,6,453
multi,1,XGBoost,BBA,0.2,0.6118972746331237,0.5066218054988113,0.32887840670859536,0.20444001862045197,0.28301886792452835,0.4462627156125608,0.08580274214949138,0.924266247379455,6,453
multi,1,XGBoost,DBA-style,0.2,0.6118972746331237,0.5066218054988113,0.6040356394129979,0.49638524065179473,0.00786163522012584,0.009730207872622734,0.0004422821760283061,0.924266247379455,6,453
multi,1,XGBoost,FGSM-SNN,0.3,0.6118972746331237,0.5066218054988113,0.4077568134171908,0.309605326068531,0.20414046121593293,0.3365767359575409,0.2680229986731535,0.924266247379455,6,453
multi,1,XGBoost,PGD-10-SNN,0.3,0.6118972746331237,0.5066218054988113,0.345125786163522,0.22683287414312153,0.2667714884696017,0.4307828394515701,0.17558602388323752,0.924266247379455,6,453
multi,1,XGBoost,PGD-20-SNN,0.3,0.6118972746331237,0.5066218054988113,0.3474842767295597,0.2315229890119303,0.264412997903564,0.42636001769128706,0.16143299425033172,0.924266247379455,6,453
multi,1,XGBoost,BBA,0.3,0.6118972746331237,0.5066218054988113,0.3259958071278826,0.20163083703300244,0.2859014675052411,0.4502432551968156,0.09243697478991597,0.924266247379455,6,453
multi,1,XGBoost,DBA-style,0.3,0.6118972746331237,0.5066218054988113,0.6040356394129979,0.49638524065179473,0.00786163522012584,0.009730207872622734,0.0004422821760283061,0.924266247379455,6,453
multi,1,LightGBM,FGSM-SNN,0.05,0.6134696016771488,0.508609366109691,0.6134696016771488,0.508609366109691,0.0,0.0,0.0,0.8713312368972747,6,453
multi,1,LightGBM,PGD-10-SNN,0.05,0.6134696016771488,0.508609366109691,0.514937106918239,0.42188378751689315,0.0985324947589098,0.1615180935569285,0.061341571050308914,0.8713312368972747,6,453
multi,1,LightGBM,PGD-20-SNN,0.05,0.6134696016771488,0.508609366109691,0.5120545073375262,0.4192504826915479,0.10141509433962259,0.1650485436893204,0.06398940864960283,0.8713312368972747,6,453
multi,1,LightGBM,BBA,0.05,0.6134696016771488,0.508609366109691,0.3710691823899371,0.25810680526738927,0.24240041928721173,0.39055604589585174,0.12488967343336276,0.8713312368972747,6,453
multi,1,LightGBM,DBA-style,0.05,0.6134696016771488,0.508609366109691,0.5138888888888888,0.41666632551074023,0.09958071278825997,0.1650485436893204,0.047219770520741396,0.8713312368972747,6,453
multi,1,LightGBM,FGSM-SNN,0.1,0.6134696016771488,0.508609366109691,0.6134696016771488,0.508609366109691,0.0,0.0,0.0,0.8713312368972747,6,453
multi,1,LightGBM,PGD-10-SNN,0.1,0.6134696016771488,0.508609366109691,0.41273584905660377,0.3181720801905193,0.20073375262054505,0.3296557811120918,0.18005295675198588,0.8713312368972747,6,453
multi,1,LightGBM,PGD-20-SNN,0.1,0.6134696016771488,0.508609366109691,0.41745283018867924,0.3215824392320726,0.19601677148846958,0.323477493380406,0.17563989408649602,0.8713312368972747,6,453
multi,1,LightGBM,BBA,0.1,0.6134696016771488,0.508609366109691,0.33228511530398325,0.20276821305790035,0.28118448637316557,0.4470432480141218,0.1557811120917917,0.8713312368972747,6,453
multi,1,LightGBM,DBA-style,0.1,0.6134696016771488,0.508609366109691,0.45676100628930816,0.33386293549480506,0.15670859538784065,0.2612533097969991,0.00794351279788173,0.8713312368972747,6,453
multi,1,LightGBM,FGSM-SNN,0.2,0.6134696016771488,0.508609366109691,0.6134696016771488,0.508609366109691,0.0,0.0,0.0,0.8713312368972747,6,453
multi,1,LightGBM,PGD-10-SNN,0.2,0.6134696016771488,0.508609366109691,0.3608490566037736,0.24199612655280756,0.2526205450733752,0.4152691968225949,0.23786407766990292,0.8713312368972747,6,453
multi,1,LightGBM,PGD-20-SNN,0.2,0.6134696016771488,0.508609366109691,0.36215932914046123,0.2440853253954201,0.2513102725366876,0.411738746690203,0.2418358340688438,0.8713312368972747,6,453
multi,1,LightGBM,BBA,0.2,0.6134696016771488,0.508609366109691,0.3270440251572327,0.18935784845655387,0.2864255765199161,0.4496910856134157,0.18314210061782876,0.8713312368972747,6,453
multi,1,LightGBM,DBA-style,0.2,0.6134696016771488,0.508609366109691,0.45151991614255765,0.32570576524838996,0.16194968553459116,0.26919682259488087,0.007502206531332745,0.8713312368972747,6,453
multi,1,LightGBM,FGSM-SNN,0.3,0.6134696016771488,0.508609366109691,0.6134696016771488,0.508609366109691,0.0,0.0,0.0,0.8713312368972747,6,453
multi,1,LightGBM,PGD-10-SNN,0.3,0.6134696016771488,0.508609366109691,0.3466981132075472,0.21527435181982482,0.26677148846960164,0.43601059135039716,0.21977052074139453,0.8713312368972747,6,453
multi,1,LightGBM,PGD-20-SNN,0.3,0.6134696016771488,0.508609366109691,0.345125786163522,0.21174237050300077,0.2683438155136268,0.43424536628420124,0.235216240070609,0.8713312368972747,6,453
multi,1,LightGBM,BBA,0.3,0.6134696016771488,0.508609366109691,0.32651991614255765,0.18448979796858955,0.28694968553459116,0.4501323918799647,0.1646072374227714,0.8713312368972747,6,453
multi,1,LightGBM,DBA-style,0.3,0.6134696016771488,0.508609366109691,0.45151991614255765,0.32642073737821237,0.16194968553459116,0.26919682259488087,0.00617828773168579,0.8713312368972747,6,453
multi,2,RF,FGSM-SNN,0.05,0.6113731656184487,0.5103361933489069,0.45151991614255765,0.35320476042837223,0.15985324947589102,0.2639322336156933,0.1930450289790459,0.9106394129979035,6,453
multi,2,RF,PGD-10-SNN,0.05,0.6113731656184487,0.5103361933489069,0.5379979035639413,0.43586200533459724,0.0733752620545074,0.11145786892554614,0.04235399019170753,0.9106394129979035,6,453
multi,2,RF,PGD-20-SNN,0.05,0.6113731656184487,0.5103361933489069,0.535377358490566,0.4352841801112039,0.07599580712788268,0.1181453410610789,0.04814979937583593,0.9106394129979035,6,453
multi,2,RF,BBA,0.05,0.6113731656184487,0.5103361933489069,0.5453354297693921,0.4428640963174825,0.06603773584905659,0.10164957646009808,0.00490414623272403,0.9106394129979035,6,453
multi,2,RF,DBA-style,0.05,0.6113731656184487,0.5103361933489069,0.6090146750524109,0.5081267358534363,0.002358490566037763,0.004012483281319661,0.00044583147570218456,0.9106394129979035,6,453
multi,2,RF,FGSM-SNN,0.1,0.6113731656184487,0.5103361933489069,0.43553459119496857,0.33542940601788535,0.1758385744234801,0.28979045920642,0.23406152474364691,0.9106394129979035,6,453
multi,2,RF,PGD-10-SNN,0.1,0.6113731656184487,0.5103361933489069,0.47641509433962265,0.37341544703445717,0.13495807127882603,0.20954079358002675,0.06954971020954079,0.9106394129979035,6,453
multi,2,RF,PGD-20-SNN,0.1,0.6113731656184487,0.5103361933489069,0.48663522012578614,0.38646638676332246,0.12473794549266254,0.19794917521176994,0.057958091841284,0.9106394129979035,6,453
multi,2,RF,BBA,0.1,0.6113731656184487,0.5103361933489069,0.4609538784067086,0.3600528465955621,0.15041928721174008,0.24074899687917967,0.02808738296923763,0.9106394129979035,6,453
multi,2,RF,DBA-style,0.1,0.6113731656184487,0.5103361933489069,0.6087526205450734,0.5078765708537865,0.00262054507337528,0.004458314757021846,0.00044583147570218456,0.9106394129979035,6,453
multi,2,RF,FGSM-SNN,0.2,0.6113731656184487,0.5103361933489069,0.4331761006289308,0.330896851917704,0.17819706498951787,0.29424877396344185,0.23227819884083817,0.9106394129979035,6,453
multi,2,RF,PGD-10-SNN,0.2,0.6113731656184487,0.5103361933489069,0.42033542976939203,0.3205175142366394,0.19103773584905664,0.30271957200178334,0.12438698172090949,0.9106394129979035,6,453
multi,2,RF,PGD-20-SNN,0.2,0.6113731656184487,0.5103361933489069,0.42741090146750527,0.3244322846049288,0.1839622641509434,0.29068212215782435,0.12260365581810076,0.9106394129979035,6,453
multi,2,RF,BBA,0.2,0.6113731656184487,0.5103361933489069,0.3611111111111111,0.2506346032457523,0.2502620545073376,0.4039233169861792,0.09005795809184128,0.9106394129979035,6,453
multi,2,RF,DBA-style,0.2,0.6113731656184487,0.5103361933489069,0.609538784067086,0.5086385915670646,0.0018343815513627293,0.003120820329915292,0.00044583147570218456,0.9106394129979035,6,453
multi,2,RF,FGSM-SNN,0.3,0.6113731656184487,0.5103361933489069,0.4360587002096436,0.3251579486563636,0.17531446540880508,0.2893446277307178,0.1854658938921088,0.9106394129979035,6,453
multi,2,RF,PGD-10-SNN,0.3,0.6113731656184487,0.5103361933489069,0.4019916142557652,0.2975074252022788,0.2093815513626835,0.3276861346411057,0.15158270173874275,0.9106394129979035,6,453
multi,2,RF,PGD-20-SNN,0.3,0.6113731656184487,0.5103361933489069,0.4114255765199161,0.31138238316323996,0.19994758909853255,0.32189032545697727,0.14578689255461436,0.9106394129979035,6,453
multi,2,RF,BBA,0.3,0.6113731656184487,0.5103361933489069,0.3466981132075472,0.23326341748110815,0.2646750524109015,0.4257690592955863,0.12839946500222915,0.9106394129979035,6,453
multi,2,RF,DBA-style,0.3,0.6113731656184487,0.5103361933489069,0.6098008385744235,0.5088781203923013,0.0015723270440252124,0.0026749888542131075,0.00044583147570218456,0.9106394129979035,6,453
multi,2,DT,FGSM-SNN,0.05,0.5987945492662474,0.49880395555257784,0.4132599580712788,0.310468113550071,0.18553459119496862,0.31392174704276615,0.14012738853503184,0.8959643605870021,6,453
multi,2,DT,PGD-10-SNN,0.05,0.5987945492662474,0.49880395555257784,0.39544025157232704,0.28959991216783826,0.20335429769392038,0.3303002729754322,0.11555959963603275,0.8959643605870021,6,453
multi,2,DT,PGD-20-SNN,0.05,0.5987945492662474,0.49880395555257784,0.399895178197065,0.2976697909519191,0.19889937106918243,0.33166515013648773,0.10691537761601456,0.8959643605870021,6,453
multi,2,DT,BBA,0.05,0.5987945492662474,0.49880395555257784,0.3231132075471698,0.20238050812678912,0.2756813417190776,0.4390354868061874,0.09099181073703366,0.8959643605870021,6,453
multi,2,DT,DBA-style,0.05,0.5987945492662474,0.49880395555257784,0.330188679245283,0.20052669589111985,0.2686058700209644,0.4317561419472247,0.14422202001819837,0.8959643605870021,6,453
multi,2,DT,FGSM-SNN,0.1,0.5987945492662474,0.49880395555257784,0.39622641509433965,0.2936616501435024,0.20256813417190778,0.34986351228389445,0.2156505914467698,0.8959643605870021,6,453
multi,2,DT,PGD-10-SNN,0.1,0.5987945492662474,0.49880395555257784,0.384958071278826,0.2840695210478602,0.21383647798742145,0.35577797998180166,0.1191992720655141,0.8959643605870021,6,453
multi,2,DT,PGD-20-SNN,0.1,0.5987945492662474,0.49880395555257784,0.37945492662473795,0.2773110324127639,0.21933962264150947,0.362147406733394,0.13239308462238397,0.8959643605870021,6,453
multi,2,DT,BBA,0.1,0.5987945492662474,0.49880395555257784,0.32258909853249473,0.20158904398778402,0.2762054507337527,0.43994540491355777,0.11737943585077343,0.8959643605870021,6,453
multi,2,DT,DBA-style,0.1,0.5987945492662474,0.49880395555257784,0.3278301886792453,0.19591256317865532,0.27096436058700213,0.4353958143767061,0.16287534121929026,0.8959643605870021,6,453
multi,2,DT,FGSM-SNN,0.2,0.5987945492662474,0.49880395555257784,0.39360587002096437,0.28766936126872905,0.20518867924528306,0.34804367606915376,0.23930846223839855,0.8959643605870021,6,453
multi,2,DT,PGD-10-SNN,0.2,0.5987945492662474,0.49880395555257784,0.3776205450733753,0.2720356072828376,0.22117400419287214,0.36260236578707916,0.13102820746132848,0.8959643605870021,6,453
multi,2,DT,PGD-20-SNN,0.2,0.5987945492662474,0.49880395555257784,0.3689727463312369,0.2612202276262684,0.22982180293501053,0.3721565059144677,0.12283894449499545,0.8959643605870021,6,453
multi,2,DT,BBA,0.2,0.5987945492662474,0.49880395555257784,0.32258909853249473,0.2004302087648602,0.2762054507337527,0.43994540491355777,0.15286624203821655,0.8959643605870021,6,453
multi,2,DT,DBA-style,0.2,0.5987945492662474,0.49880395555257784,0.32573375262054505,0.19264795068801097,0.2730607966457024,0.4353958143767061,0.16333030027297543,0.8959643605870021,6,453
multi,2,DT,FGSM-SNN,0.3,0.5987945492662474,0.49880395555257784,0.3943920335429769,0.2860720630023513,0.2044025157232705,0.3475887170154686,0.21428571428571427,0.8959643605870021,6,453
multi,2,DT,PGD-10-SNN,0.3,0.5987945492662474,0.49880395555257784,0.3718553459119497,0.2649779065943946,0.22693920335429774,0.3680618744313012,0.10555050045495905,0.8959643605870021,6,453
multi,2,DT,PGD-20-SNN,0.3,0.5987945492662474,0.49880395555257784,0.37552410901467503,0.2688807122302014,0.2232704402515724,0.36260236578707916,0.11146496815286625,0.8959643605870021,6,453
multi,2,DT,BBA,0.3,0.5987945492662474,0.49880395555257784,0.32258909853249473,0.19928462052709964,0.2762054507337527,0.43994540491355777,0.15423111919927207,0.8959643605870021,6,453
multi,2,DT,DBA-style,0.3,0.5987945492662474,0.49880395555257784,0.32573375262054505,0.19264795068801097,0.2730607966457024,0.4353958143767061,0.16333030027297543,0.8959643605870021,6,453
multi,2,XGBoost,FGSM-SNN,0.05,0.6137316561844863,0.513407757341877,0.419811320754717,0.31834091462513575,0.19392033542976933,0.30933333333333335,0.0057777777777777775,0.9088050314465409,6,453
multi,2,XGBoost,PGD-10-SNN,0.05,0.6137316561844863,0.513407757341877,0.40435010482180295,0.30696198862620083,0.20938155136268338,0.3408888888888889,0.018222222222222223,0.9088050314465409,6,453
multi,2,XGBoost,PGD-20-SNN,0.05,0.6137316561844863,0.513407757341877,0.4051362683438155,0.307083217294904,0.20859538784067083,0.34,0.016,0.9088050314465409,6,453
multi,2,XGBoost,BBA,0.05,0.6137316561844863,0.513407757341877,0.3529874213836478,0.2397564545127848,0.2607442348008385,0.41555555555555557,0.022222222222222223,0.9088050314465409,6,453
multi,2,XGBoost,DBA-style,0.05,0.6137316561844863,0.513407757341877,0.6037735849056604,0.5037420138801543,0.009958071278825975,0.016,0.0,0.9088050314465409,6,453
multi,2,XGBoost,FGSM-SNN,0.1,0.6137316561844863,0.513407757341877,0.41483228511530396,0.3079921568059999,0.19889937106918237,0.31066666666666665,0.014666666666666666,0.9088050314465409,6,453
multi,2,XGBoost,PGD-10-SNN,0.1,0.6137316561844863,0.513407757341877,0.375,0.27293229252719375,0.23873165618448633,0.38711111111111113,0.044444444444444446,0.9088050314465409,6,453
multi,2,XGBoost,PGD-20-SNN,0.1,0.6137316561844863,0.513407757341877,0.3812893081761006,0.27797000877250533,0.2324423480083857,0.37955555555555553,0.04,0.9088050314465409,6,453
multi,2,XGBoost,BBA,0.1,0.6137316561844863,0.513407757341877,0.3359538784067086,0.21634301436045167,0.27777777777777773,0.43822222222222224,0.03866666666666667,0.9088050314465409,6,453
multi,2,XGBoost,DBA-style,0.1,0.6137316561844863,0.513407757341877,0.6037735849056604,0.503793236705752,0.009958071278825975,0.016,0.00044444444444444447,0.9088050314465409,6,453
multi,2,XGBoost,FGSM-SNN,0.2,0.6137316561844863,0.513407757341877,0.4200733752620545,0.3135857785398661,0.1936582809224318,0.3031111111111111,0.11955555555555555,0.9088050314465409,6,453
multi,2,XGBoost,PGD-10-SNN,0.2,0.6137316561844863,0.513407757341877,0.35744234800838576,0.24774487523490152,0.25628930817610057,0.42044444444444445,0.19333333333333333,0.9088050314465409,6,453
multi,2,XGBoost,PGD-20-SNN,0.2,0.6137316561844863,0.513407757341877,0.36058700209643607,0.25410431111816334,0.25314465408805026,0.41333333333333333,0.184,0.9088050314465409,6,453
multi,2,XGBoost,BBA,0.2,0.6137316561844863,0.513407757341877,0.324685534591195,0.2051829935684825,0.28904612159329135,0.45155555555555554,0.048,0.9088050314465409,6,453
multi,2,XGBoost,DBA-style,0.2,0.6137316561844863,0.513407757341877,0.6061320754716981,0.5058165495255036,0.007599580712788212,0.012,0.00044444444444444447,0.9088050314465409,6,453
multi,2,XGBoost,FGSM-SNN,0.3,0.6137316561844863,0.513407757341877,0.41823899371069184,0.3130332454187878,0.1954926624737945,0.312,0.17244444444444446,0.9088050314465409,6,453
multi,2,XGBoost,PGD-10-SNN,0.3,0.6137316561844863,0.513407757341877,0.355083857442348,0.2459264698468533,0.25864779874213834,0.4275555555555556,0.26622222222222225,0.9088050314465409,6,453
multi,2,XGBoost,PGD-20-SNN,0.3,0.6137316561844863,0.513407757341877,0.3532494758909853,0.24126944794710087,0.260482180293501,0.43066666666666664,0.2617777777777778,0.9088050314465409,6,453
multi,2,XGBoost,BBA,0.3,0.6137316561844863,0.513407757341877,0.3231132075471698,0.20205684597533727,0.2906184486373165,0.4528888888888889,0.05688888888888889,0.9088050314465409,6,453
multi,2,XGBoost,DBA-style,0.3,0.6137316561844863,0.513407757341877,0.6061320754716981,0.5058165495255036,0.007599580712788212,0.012,0.00044444444444444447,0.9088050314465409,6,453
multi,2,LightGBM,FGSM-SNN,0.05,0.6166142557651991,0.5169767194598239,0.4630503144654088,0.3505430612014319,0.15356394129979034,0.2602921646746348,0.07215582115980522,0.9035639412997903,6,453
multi,2,LightGBM,PGD-10-SNN,0.05,0.6166142557651991,0.5169767194598239,0.4782494758909853,0.38439890867979076,0.1383647798742138,0.22841965471447542,0.05843293492695883,0.9035639412997903,6,453
multi,2,LightGBM,PGD-20-SNN,0.05,0.6166142557651991,0.5169767194598239,0.4777253668763103,0.3830586104925031,0.13888888888888884,0.22753430721558213,0.061531651173085435,0.9035639412997903,6,453
multi,2,LightGBM,BBA,0.05,0.6166142557651991,0.5169767194598239,0.3694968553459119,0.2560457871758227,0.2471174004192872,0.38601150951748564,0.12837538733953077,0.9035639412997903,6,453
multi,2,LightGBM,DBA-style,0.05,0.6166142557651991,0.5169767194598239,0.4580712788259958,0.3404220295599525,0.15854297693920333,0.2673749446657813,0.10092961487383798,0.9035639412997903,6,453
multi,2,LightGBM,FGSM-SNN,0.1,0.6166142557651991,0.5169767194598239,0.4570230607966457,0.365264023908782,0.15959119496855345,0.2687029659141213,0.22797698096502877,0.9035639412997903,6,453
multi,2,LightGBM,PGD-10-SNN,0.1,0.6166142557651991,0.5169767194598239,0.4025157232704403,0.2975755037092608,0.21409853249475885,0.3470562195661797,0.1522797698096503,0.9035639412997903,6,453
multi,2,LightGBM,PGD-20-SNN,0.1,0.6166142557651991,0.5169767194598239,0.3970125786163522,0.2913582028478623,0.21960167714884693,0.3563523683045595,0.15891987605135016,0.9035639412997903,6,453
multi,2,LightGBM,BBA,0.1,0.6166142557651991,0.5169767194598239,0.3307127882599581,0.20697168432972748,0.28590146750524104,0.44710048694112436,0.22620628596724215,0.9035639412997903,6,453
multi,2,LightGBM,DBA-style,0.1,0.6166142557651991,0.5169767194598239,0.4520440251572327,0.32775578763438384,0.16457023060796644,0.2771137671536078,0.029216467463479414,0.9035639412997903,6,453
multi,2,LightGBM,FGSM-SNN,0.2,0.6166142557651991,0.5169767194598239,0.4612159329140461,0.36395888862963716,0.15539832285115301,0.26206285967242143,0.16334661354581673,0.9035639412997903,6,453
multi,2,LightGBM,PGD-10-SNN,0.2,0.6166142557651991,0.5169767194598239,0.3582285115303983,0.23115907596752108,0.2583857442348008,0.41921204072598495,0.20318725099601595,0.9035639412997903,6,453
multi,2,LightGBM,PGD-20-SNN,0.2,0.6166142557651991,0.5169767194598239,0.36530398322851154,0.243343490006148,0.2513102725366876,0.41080123948649844,0.20008853474988933,0.9035639412997903,6,453
multi,2,LightGBM,BBA,0.2,0.6166142557651991,0.5169767194598239,0.3231132075471698,0.1936103238357156,0.2935010482180293,0.4546259406817176,0.2288623284639221,0.9035639412997903,6,453
multi,2,LightGBM,DBA-style,0.2,0.6166142557651991,0.5169767194598239,0.4509958071278826,0.32771245702733753,0.1656184486373165,0.2784417884019478,0.02434705621956618,0.9035639412997903,6,453
multi,2,LightGBM,FGSM-SNN,0.3,0.6166142557651991,0.5169767194598239,0.4549266247379455,0.36668774577556434,0.16168763102725364,0.27224435590969454,0.26294820717131473,0.9035639412997903,6,453
multi,2,LightGBM,PGD-10-SNN,0.3,0.6166142557651991,0.5169767194598239,0.34853249475890985,0.2192227677416621,0.2680817610062893,0.43293492695883135,0.19389110225763612,0.9035639412997903,6,453
multi,2,LightGBM,PGD-20-SNN,0.3,0.6166142557651991,0.5169767194598239,0.34879454926624737,0.21803608994783744,0.26781970649895176,0.43249225320938467,0.20495794599380257,0.9035639412997903,6,453
multi,2,LightGBM,BBA,0.3,0.6166142557651991,0.5169767194598239,0.32337526205450734,0.19166201909039016,0.2932389937106918,0.45506861443116425,0.22399291722000886,0.9035639412997903,6,453
multi,2,LightGBM,DBA-style,0.3,0.6166142557651991,0.5169767194598239,0.4509958071278826,0.3278680983917291,0.1656184486373165,0.2784417884019478,0.023461708720672863,0.9035639412997903,6,453
multi,3,RF,FGSM-SNN,0.05,0.6137316561844863,0.5111735290141637,0.42845911949685533,0.32331706522563475,0.185272536687631,0.2988454706927176,0.13987566607460036,0.9135220125786163,6,453
multi,3,RF,PGD-10-SNN,0.05,0.6137316561844863,0.5111735290141637,0.4811320754716981,0.3815065899696939,0.1325995807127882,0.2069271758436945,0.08703374777975133,0.9135220125786163,6,453
multi,3,RF,PGD-20-SNN,0.05,0.6137316561844863,0.5111735290141637,0.48244234800838576,0.383031642414053,0.13128930817610057,0.20470692717584368,0.09014209591474245,0.9135220125786163,6,453
multi,3,RF,BBA,0.05,0.6137316561844863,0.5111735290141637,0.5175576519916143,0.41737158328985197,0.09617400419287203,0.15408525754884547,0.0066607460035523975,0.9135220125786163,6,453
multi,3,RF,DBA-style,0.05,0.6137316561844863,0.5111735290141637,0.6132075471698113,0.5106606570879763,0.0005241090146750338,0.0008880994671403197,0.0,0.9135220125786163,6,453
multi,3,RF,FGSM-SNN,0.1,0.6137316561844863,0.5111735290141637,0.4056603773584906,0.2960130461310561,0.20807127882599574,0.336145648312611,0.16563055062166962,0.9135220125786163,6,453
multi,3,RF,PGD-10-SNN,0.1,0.6137316561844863,0.5111735290141637,0.4415618448637317,0.3388257637841196,0.17216981132075465,0.27087033747779754,0.08658969804618118,0.9135220125786163,6,453
multi,3,RF,PGD-20-SNN,0.1,0.6137316561844863,0.5111735290141637,0.43160377358490565,0.3283770511112413,0.18212788259958068,0.2841918294849023,0.1016873889875666,0.9135220125786163,6,453
multi,3,RF,BBA,0.1,0.6137316561844863,0.5111735290141637,0.44234800838574423,0.34118149307846046,0.1713836477987421,0.2784191829484902,0.035523978685612786,0.9135220125786163,6,453
multi,3,RF,DBA-style,0.1,0.6137316561844863,0.5111735290141637,0.6129454926624738,0.5104214434192877,0.0007861635220125507,0.0013321492007104796,0.0,0.9135220125786163,6,453
multi,3,RF,FGSM-SNN,0.2,0.6137316561844863,0.5111735290141637,0.40408805031446543,0.29560650518744513,0.2096436058700209,0.33792184724689167,0.17451154529307283,0.9135220125786163,6,453
multi,3,RF,PGD-10-SNN,0.2,0.6137316561844863,0.5111735290141637,0.3888888888888889,0.284458284825889,0.22484276729559743,0.3561278863232682,0.1603019538188277,0.9135220125786163,6,453
multi,3,RF,PGD-20-SNN,0.2,0.6137316561844863,0.5111735290141637,0.39753668763102723,0.29376728995665763,0.2161949685534591,0.3410301953818828,0.15319715808170514,0.9135220125786163,6,453
multi,3,RF,BBA,0.2,0.6137316561844863,0.5111735290141637,0.3663522012578616,0.25715485692155743,0.24737945492662472,0.4005328596802842,0.09280639431616342,0.9135220125786163,6,453
multi,3,RF,DBA-style,0.2,0.6137316561844863,0.5111735290141637,0.6126834381551363,0.5101322236827696,0.0010482180293500676,0.0017761989342806395,0.0,0.9135220125786163,6,453
multi,3,RF,FGSM-SNN,0.3,0.6137316561844863,0.5111735290141637,0.4082809224318658,0.3056629424395272,0.20545073375262052,0.3308170515097691,0.238898756660746,0.9135220125786163,6,453
multi,3,RF,PGD-10-SNN,0.3,0.6137316561844863,0.5111735290141637,0.3781446540880503,0.26877778341037245,0.23558700209643602,0.37300177619893427,0.19316163410301954,0.9135220125786163,6,453
multi,3,RF,PGD-20-SNN,0.3,0.6137316561844863,0.5111735290141637,0.3833857442348008,0.2767205211757391,0.2303459119496855,0.3654529307282416,0.19182948490230906,0.9135220125786163,6,453
multi,3,RF,BBA,0.3,0.6137316561844863,0.5111735290141637,0.355083857442348,0.24323063852443969,0.25864779874213834,0.4169626998223801,0.141651865008881,0.9135220125786163,6,453
multi,3,RF,DBA-style,0.3,0.6137316561844863,0.5111735290141637,0.6126834381551363,0.5101322236827696,0.0010482180293500676,0.0017761989342806395,0.0,0.9135220125786163,6,453
multi,3,DT,FGSM-SNN,0.05,0.6042976939203354,0.5044341889076572,0.4289832285115304,0.3145810274200364,0.17531446540880496,0.29164785553047406,0.20045146726862303,0.9132599580712788,6,453
multi,3,DT,PGD-10-SNN,0.05,0.6042976939203354,0.5044341889076572,0.42059748427672955,0.31888916348063,0.18370020964360584,0.29706546275395035,0.12595936794582394,0.9132599580712788,6,453
multi,3,DT,PGD-20-SNN,0.05,0.6042976939203354,0.5044341889076572,0.4258385744234801,0.3244021406306518,0.17845911949685528,0.2848758465011287,0.12054176072234762,0.9132599580712788,6,453
multi,3,DT,BBA,0.05,0.6042976939203354,0.5044341889076572,0.3307127882599581,0.20676180464342173,0.2735849056603773,0.4302483069977427,0.11241534988713318,0.9132599580712788,6,453
multi,3,DT,DBA-style,0.05,0.6042976939203354,0.5044341889076572,0.3338574423480084,0.2004517029622773,0.270440251572327,0.42618510158013545,0.11196388261851016,0.9132599580712788,6,453
multi,3,DT,FGSM-SNN,0.1,0.6042976939203354,0.5044341889076572,0.430293501048218,0.3190509421331526,0.17400419287211738,0.2898419864559819,0.21670428893905191,0.9132599580712788,6,453
multi,3,DT,PGD-10-SNN,0.1,0.6042976939203354,0.5044341889076572,0.4061844863731656,0.3055154174137881,0.19811320754716977,0.3200902934537246,0.12821670428893905,0.9132599580712788,6,453
multi,3,DT,PGD-20-SNN,0.1,0.6042976939203354,0.5044341889076572,0.4077568134171908,0.3085924181692412,0.1965408805031446,0.3178329571106095,0.127313769751693,0.9132599580712788,6,453
multi,3,DT,BBA,0.1,0.6042976939203354,0.5044341889076572,0.3283542976939203,0.2049758855489592,0.27594339622641506,0.4343115124153499,0.13769751693002258,0.9132599580712788,6,453
multi,3,DT,DBA-style,0.1,0.6042976939203354,0.5044341889076572,0.32914046121593293,0.19432575076646322,0.27515723270440245,0.4343115124153499,0.12641083521444696,0.9132599580712788,6,453
multi,3,DT,FGSM-SNN,0.2,0.6042976939203354,0.5044341889076572,0.42741090146750527,0.3220074108979915,0.17688679245283012,0.29571106094808125,0.26275395033860044,0.9132599580712788,6,453
multi,3,DT,PGD-10-SNN,0.2,0.6042976939203354,0.5044341889076572,0.38757861635220126,0.28535261483032687,0.21671907756813413,0.3489841986455982,0.15575620767494355,0.9132599580712788,6,453
multi,3,DT,PGD-20-SNN,0.2,0.6042976939203354,0.5044341889076572,0.3812893081761006,0.27743707990658095,0.22300838574423476,0.36162528216704287,0.1489841986455982,0.9132599580712788,6,453
multi,3,DT,BBA,0.2,0.6042976939203354,0.5044341889076572,0.3280922431865828,0.2042303300527432,0.2762054507337526,0.4347629796839729,0.16839729119638827,0.9132599580712788,6,453
multi,3,DT,DBA-style,0.2,0.6042976939203354,0.5044341889076572,0.32914046121593293,0.19432575076646322,0.27515723270440245,0.4343115124153499,0.12641083521444696,0.9132599580712788,6,453
multi,3,DT,FGSM-SNN,0.3,0.6042976939203354,0.5044341889076572,0.42741090146750527,0.3220074108979915,0.17688679245283012,0.29571106094808125,0.26275395033860044,0.9132599580712788,6,453
multi,3,DT,PGD-10-SNN,0.3,0.6042976939203354,0.5044341889076572,0.3839098532494759,0.28142626777798224,0.22038784067085948,0.3598194130925508,0.15124153498871332,0.9132599580712788,6,453
multi,3,DT,PGD-20-SNN,0.3,0.6042976939203354,0.5044341889076572,0.37552410901467503,0.27206728279727554,0.22877358490566035,0.3711060948081264,0.17381489841986456,0.9132599580712788,6,453
multi,3,DT,BBA,0.3,0.6042976939203354,0.5044341889076572,0.3280922431865828,0.20462345869577062,0.2762054507337526,0.4347629796839729,0.17878103837471784,0.9132599580712788,6,453
multi,3,DT,DBA-style,0.3,0.6042976939203354,0.5044341889076572,0.32914046121593293,0.19432575076646322,0.27515723270440245,0.4343115124153499,0.12641083521444696,0.9132599580712788,6,453
multi,3,XGBoost,FGSM-SNN,0.05,0.6187106918238994,0.518516096650465,0.5007861635220126,0.3687489955659134,0.11792452830188682,0.1709363957597173,0.00044169611307420494,0.9017295597484277,6,453
multi,3,XGBoost,PGD-10-SNN,0.05,0.6187106918238994,0.518516096650465,0.46802935010482183,0.3678597211724254,0.15068134171907754,0.2416077738515901,0.02561837455830389,0.9017295597484277,6,453
multi,3,XGBoost,PGD-20-SNN,0.05,0.6187106918238994,0.518516096650465,0.4659329140461216,0.3684719978280793,0.1527777777777778,0.24646643109540636,0.01987632508833922,0.9017295597484277,6,453
multi,3,XGBoost,BBA,0.05,0.6187106918238994,0.518516096650465,0.3639937106918239,0.25201073784769135,0.25471698113207547,0.39664310954063603,0.017226148409893994,0.9017295597484277,6,453
multi,3,XGBoost,DBA-style,0.05,0.6187106918238994,0.518516096650465,0.6063941299790356,0.5054215142015154,0.012316561844863738,0.018109540636042403,0.0,0.9017295597484277,6,453
multi,3,XGBoost,FGSM-SNN,0.1,0.6187106918238994,0.518516096650465,0.4997379454926625,0.3678576401905245,0.11897274633123689,0.17314487632508835,0.0,0.9017295597484277,6,453
multi,3,XGBoost,PGD-10-SNN,0.1,0.6187106918238994,0.518516096650465,0.40854297693920333,0.3121116628093661,0.21016771488469604,0.34452296819787986,0.06802120141342756,0.9017295597484277,6,453
multi,3,XGBoost,PGD-20-SNN,0.1,0.6187106918238994,0.518516096650465,0.4082809224318658,0.31237294302847657,0.21042976939203356,0.340547703180212,0.06492932862190813,0.9017295597484277,6,453
multi,3,XGBoost,BBA,0.1,0.6187106918238994,0.518516096650465,0.3380503144654088,0.2143169774293461,0.2806603773584906,0.43418727915194344,0.029151943462897525,0.9017295597484277,6,453
multi,3,XGBoost,DBA-style,0.1,0.6187106918238994,0.518516096650465,0.6063941299790356,0.5054215142015154,0.012316561844863738,0.018109540636042403,0.0,0.9017295597484277,6,453
multi,3,XGBoost,FGSM-SNN,0.2,0.6187106918238994,0.518516096650465,0.49580712788259956,0.36005299624669707,0.12290356394129981,0.17314487632508835,0.0017667844522968198,0.9017295597484277,6,453
multi,3,XGBoost,PGD-10-SNN,0.2,0.6187106918238994,0.518516096650465,0.3752620545073375,0.26804734764890426,0.24344863731656186,0.39045936395759717,0.1068904593639576,0.9017295597484277,6,453
multi,3,XGBoost,PGD-20-SNN,0.2,0.6187106918238994,0.518516096650465,0.370020964360587,0.25781039549145546,0.24868972746331236,0.3992932862190813,0.11307420494699646,0.9017295597484277,6,453
multi,3,XGBoost,BBA,0.2,0.6187106918238994,0.518516096650465,0.32940251572327045,0.2063777935243614,0.2893081761006289,0.4447879858657244,0.04770318021201413,0.9017295597484277,6,453
multi,3,XGBoost,DBA-style,0.2,0.6187106918238994,0.518516096650465,0.6063941299790356,0.5054215142015154,0.012316561844863738,0.018109540636042403,0.0,0.9017295597484277,6,453
multi,3,XGBoost,FGSM-SNN,0.3,0.6187106918238994,0.518516096650465,0.4979035639412998,0.36800438077698777,0.12080712788259956,0.17314487632508835,0.02429328621908127,0.9017295597484277,6,453
multi,3,XGBoost,PGD-10-SNN,0.3,0.6187106918238994,0.518516096650465,0.3540356394129979,0.23684561590193898,0.26467505241090145,0.4209363957597173,0.13118374558303886,0.9017295597484277,6,453
multi,3,XGBoost,PGD-20-SNN,0.3,0.6187106918238994,0.518516096650465,0.3556079664570231,0.2419600916212261,0.2631027253668763,0.42358657243816256,0.12190812720848057,0.9017295597484277,6,453
multi,3,XGBoost,BBA,0.3,0.6187106918238994,0.518516096650465,0.3280922431865828,0.2045742348663995,0.29061844863731656,0.4469964664310954,0.0803886925795053,0.9017295597484277,6,453
multi,3,XGBoost,DBA-style,0.3,0.6187106918238994,0.518516096650465,0.6063941299790356,0.5054215142015154,0.012316561844863738,0.018109540636042403,0.0,0.9017295597484277,6,453
multi,3,LightGBM,FGSM-SNN,0.05,0.6194968553459119,0.5193228817406055,0.4690775681341719,0.3667704880099469,0.15041928721174003,0.25319805910895454,0.0423467137185708,0.9035639412997903,6,453
multi,3,LightGBM,PGD-10-SNN,0.05,0.6194968553459119,0.5193228817406055,0.4528301886792453,0.35915871509605707,0.16666666666666663,0.2730480811645346,0.08072342302602559,0.9035639412997903,6,453
multi,3,LightGBM,PGD-20-SNN,0.05,0.6194968553459119,0.5193228817406055,0.4554507337526205,0.36389198842511833,0.1640461215932914,0.26643140714600794,0.09131010145566829,0.9035639412997903,6,453
multi,3,LightGBM,BBA,0.05,0.6194968553459119,0.5193228817406055,0.3472222222222222,0.22385330088875774,0.2722746331236897,0.4309660344067049,0.15659461843846492,0.9035639412997903,6,453
multi,3,LightGBM,DBA-style,0.05,0.6194968553459119,0.5193228817406055,0.4549266247379455,0.3265879666494472,0.16457023060796644,0.27481252756947505,0.06793118659020732,0.9035639412997903,6,453
multi,3,LightGBM,FGSM-SNN,0.1,0.6194968553459119,0.5193228817406055,0.4724842767295597,0.37007337572291044,0.1470125786163522,0.2479047198941332,0.0458756065284517,0.9035639412997903,6,453
multi,3,LightGBM,PGD-10-SNN,0.1,0.6194968553459119,0.5193228817406055,0.3922955974842767,0.2894847279616174,0.2272012578616352,0.3758270842523158,0.21967357741508603,0.9035639412997903,6,453
multi,3,LightGBM,PGD-20-SNN,0.1,0.6194968553459119,0.5193228817406055,0.39281970649895176,0.28796337598422284,0.22667714884696016,0.37715041905602115,0.211733568592854,0.9035639412997903,6,453
multi,3,LightGBM,BBA,0.1,0.6194968553459119,0.5193228817406055,0.33438155136268344,0.20742521018324822,0.2851153039832285,0.44596382884869873,0.21835024261138067,0.9035639412997903,6,453
multi,3,LightGBM,DBA-style,0.1,0.6194968553459119,0.5193228817406055,0.4520440251572327,0.3191048505704537,0.16745283018867924,0.27966475518306133,0.027790030877812087,0.9035639412997903,6,453
multi,3,LightGBM,FGSM-SNN,0.2,0.6194968553459119,0.5193228817406055,0.4724842767295597,0.37000598757272146,0.1470125786163522,0.24658138509042787,0.035288928098809,0.9035639412997903,6,453
multi,3,LightGBM,PGD-10-SNN,0.2,0.6194968553459119,0.5193228817406055,0.35718029350104824,0.2319101704101868,0.2623165618448637,0.43273048081164533,0.24128804587560654,0.9035639412997903,6,453
multi,3,LightGBM,PGD-20-SNN,0.2,0.6194968553459119,0.5193228817406055,0.36451781970649894,0.24145034374480143,0.254979035639413,0.419497132774592,0.22143802382002647,0.9035639412997903,6,453
multi,3,LightGBM,BBA,0.2,0.6194968553459119,0.5193228817406055,0.32940251572327045,0.19655890535922066,0.2900943396226415,0.4477282752536392,0.23423026025584473,0.9035639412997903,6,453
multi,3,LightGBM,DBA-style,0.2,0.6194968553459119,0.5193228817406055,0.4509958071278826,0.3190747417707104,0.1685010482180293,0.2814292015880018,0.020291133656815175,0.9035639412997903,6,453
multi,3,LightGBM,FGSM-SNN,0.3,0.6194968553459119,0.5193228817406055,0.47064989517819705,0.36487095555079285,0.14884696016771487,0.24614027348919276,0.0,0.9035639412997903,6,453
multi,3,LightGBM,PGD-10-SNN,0.3,0.6194968553459119,0.5193228817406055,0.3584905660377358,0.22379857418521637,0.2610062893081761,0.4225849139832378,0.19761799735333038,0.9035639412997903,6,453
multi,3,LightGBM,PGD-20-SNN,0.3,0.6194968553459119,0.5193228817406055,0.35351153039832284,0.21870259361080296,0.2659853249475891,0.4278782531980591,0.1980591089545655,0.9035639412997903,6,453
multi,3,LightGBM,BBA,0.3,0.6194968553459119,0.5193228817406055,0.3283542976939203,0.1909996273838962,0.2911425576519916,0.44728716365240406,0.22408469342743714,0.9035639412997903,6,453
multi,3,LightGBM,DBA-style,0.3,0.6194968553459119,0.5193228817406055,0.4509958071278826,0.3191353668961281,0.1685010482180293,0.2814292015880018,0.019850022055580063,0.9035639412997903,6,453
multi,4,RF,FGSM-SNN,0.05,0.6108490566037735,0.5085834206126473,0.34617400419287214,0.2401014364678782,0.2646750524109014,0.42914438502673796,0.14750445632798573,0.9216457023060797,6,453
multi,4,RF,PGD-10-SNN,0.05,0.6108490566037735,0.5085834206126473,0.3556079664570231,0.25445577028486843,0.25524109014675045,0.41711229946524064,0.035650623885918005,0.9216457023060797,6,453
multi,4,RF,PGD-20-SNN,0.05,0.6108490566037735,0.5085834206126473,0.3553459119496855,0.2540727627995049,0.255503144654088,0.41711229946524064,0.05213903743315508,0.9216457023060797,6,453
multi,4,RF,BBA,0.05,0.6108490566037735,0.5085834206126473,0.5327568134171907,0.4297413280797335,0.07809224318658281,0.12254901960784313,0.0017825311942959,0.9216457023060797,6,453
multi,4,RF,DBA-style,0.05,0.6108490566037735,0.5085834206126473,0.6092767295597484,0.506673718115389,0.0015723270440251014,0.0022281639928698753,0.0,0.9216457023060797,6,453
multi,4,RF,FGSM-SNN,0.1,0.6108490566037735,0.5085834206126473,0.3409329140461216,0.23076930405224327,0.26991614255765195,0.4358288770053476,0.2700534759358289,0.9216457023060797,6,453
multi,4,RF,PGD-10-SNN,0.1,0.6108490566037735,0.5085834206126473,0.34329140461215935,0.23886104976685169,0.2675576519916142,0.4353832442067736,0.023618538324420676,0.9216457023060797,6,453
multi,4,RF,PGD-20-SNN,0.1,0.6108490566037735,0.5085834206126473,0.3440775681341719,0.24057076908268168,0.26677148846960164,0.4358288770053476,0.02406417112299465,0.9216457023060797,6,453
multi,4,RF,BBA,0.1,0.6108490566037735,0.5085834206126473,0.43134171907756813,0.32610248301302636,0.1795073375262054,0.2887700534759358,0.030303030303030304,0.9216457023060797,6,453
multi,4,RF,DBA-style,0.1,0.6108490566037735,0.5085834206126473,0.6092767295597484,0.506673718115389,0.0015723270440251014,0.0022281639928698753,0.0,0.9216457023060797,6,453
multi,4,RF,FGSM-SNN,0.2,0.6108490566037735,0.5085834206126473,0.3419811320754717,0.22716243300290972,0.2688679245283018,0.4336007130124777,0.3016934046345811,0.9216457023060797,6,453
multi,4,RF,PGD-10-SNN,0.2,0.6108490566037735,0.5085834206126473,0.3417190775681342,0.2168381443597914,0.26912997903563934,0.4353832442067736,0.2909982174688057,0.9216457023060797,6,453
multi,4,RF,PGD-20-SNN,0.2,0.6108490566037735,0.5085834206126473,0.34355345911949686,0.21834992855202776,0.26729559748427667,0.43404634581105167,0.2905525846702317,0.9216457023060797,6,453
multi,4,RF,BBA,0.2,0.6108490566037735,0.5085834206126473,0.3561320754716981,0.24052120777796948,0.2547169811320754,0.40730837789661317,0.10115864527629234,0.9216457023060797,6,453
multi,4,RF,DBA-style,0.2,0.6108490566037735,0.5085834206126473,0.6098008385744235,0.5072052814922392,0.0010482180293500676,0.001336898395721925,0.0,0.9216457023060797,6,453
multi,4,RF,FGSM-SNN,0.3,0.6108490566037735,0.5085834206126473,0.3438155136268344,0.226505225404238,0.26703354297693915,0.4322638146167558,0.30614973262032086,0.9216457023060797,6,453
multi,4,RF,PGD-10-SNN,0.3,0.6108490566037735,0.5085834206126473,0.34276729559748426,0.21259647730765702,0.2680817610062893,0.43315508021390375,0.30080213903743314,0.9216457023060797,6,453
multi,4,RF,PGD-20-SNN,0.3,0.6108490566037735,0.5085834206126473,0.3440775681341719,0.21640154742326403,0.26677148846960164,0.4344919786096257,0.29901960784313725,0.9216457023060797,6,453
multi,4,RF,BBA,0.3,0.6108490566037735,0.5085834206126473,0.3438155136268344,0.22460590327682836,0.26703354297693915,0.428698752228164,0.13992869875222816,0.9216457023060797,6,453
multi,4,RF,DBA-style,0.3,0.6108490566037735,0.5085834206126473,0.6098008385744235,0.5072052814922392,0.0010482180293500676,0.001336898395721925,0.0,0.9216457023060797,6,453
multi,4,DT,FGSM-SNN,0.05,0.6022012578616353,0.5007586745657775,0.3710691823899371,0.2652272914727179,0.23113207547169817,0.37262872628726285,0.2186088527551942,0.9129979035639413,6,453
multi,4,DT,PGD-10-SNN,0.05,0.6022012578616353,0.5007586745657775,0.3909853249475891,0.28738946332536325,0.21121593291404617,0.3428184281842818,0.14814814814814814,0.9129979035639413,6,453
multi,4,DT,PGD-20-SNN,0.05,0.6022012578616353,0.5007586745657775,0.3747379454926625,0.26996765571661013,0.22746331236897277,0.37172538392050586,0.16937669376693767,0.9129979035639413,6,453
multi,4,DT,BBA,0.05,0.6022012578616353,0.5007586745657775,0.3259958071278826,0.20380635120006557,0.27620545073375263,0.43812104787714545,0.12104787714543812,0.9129979035639413,6,453
multi,4,DT,DBA-style,0.05,0.6022012578616353,0.5007586745657775,0.3320230607966457,0.20560192563943286,0.2701781970649896,0.4327009936766034,0.1955736224028907,0.9129979035639413,6,453
multi,4,DT,FGSM-SNN,0.1,0.6022012578616353,0.5007586745657775,0.3867924528301887,0.2835488845121266,0.21540880503144655,0.34552845528455284,0.23441734417344173,0.9129979035639413,6,453
multi,4,DT,PGD-10-SNN,0.1,0.6022012578616353,0.5007586745657775,0.3561320754716981,0.24968688974579514,0.24606918238993714,0.4019873532068654,0.23848238482384823,0.9129979035639413,6,453
multi,4,DT,PGD-20-SNN,0.1,0.6022012578616353,0.5007586745657775,0.35953878406708595,0.25377367715188515,0.2426624737945493,0.4019873532068654,0.24028906955736223,0.9129979035639413,6,453
multi,4,DT,BBA,0.1,0.6022012578616353,0.5007586745657775,0.3259958071278826,0.20297408889634197,0.27620545073375263,0.43812104787714545,0.13414634146341464,0.9129979035639413,6,453
multi,4,DT,DBA-style,0.1,0.6022012578616353,0.5007586745657775,0.330188679245283,0.20433104328144322,0.27201257861635225,0.43586269196025296,0.23622402890695574,0.9129979035639413,6,453
multi,4,DT,FGSM-SNN,0.2,0.6022012578616353,0.5007586745657775,0.35953878406708595,0.24089165672857374,0.2426624737945493,0.3943089430894309,0.27145438121047877,0.9129979035639413,6,453
multi,4,DT,PGD-10-SNN,0.2,0.6022012578616353,0.5007586745657775,0.3472222222222222,0.23787374924165486,0.25497903563941304,0.4168925022583559,0.26738934056007224,0.9129979035639413,6,453
multi,4,DT,PGD-20-SNN,0.2,0.6022012578616353,0.5007586745657775,0.3477463312368973,0.23755228779879378,0.25445492662473795,0.4159891598915989,0.27009936766034326,0.9129979035639413,6,453
multi,4,DT,BBA,0.2,0.6022012578616353,0.5007586745657775,0.3259958071278826,0.20094676149238327,0.27620545073375263,0.43812104787714545,0.15085817524841916,0.9129979035639413,6,453
multi,4,DT,DBA-style,0.2,0.6022012578616353,0.5007586745657775,0.330188679245283,0.2043311759314428,0.27201257861635225,0.43586269196025296,0.23667570009033423,0.9129979035639413,6,453
multi,4,DT,FGSM-SNN,0.3,0.6022012578616353,0.5007586745657775,0.35115303983228513,0.225735115476442,0.2510482180293501,0.4092140921409214,0.2899728997289973,0.9129979035639413,6,453
multi,4,DT,PGD-10-SNN,0.3,0.6022012578616353,0.5007586745657775,0.35062893081761004,0.2412874310123734,0.2515723270440252,0.4132791327913279,0.27145438121047877,0.9129979035639413,6,453
multi,4,DT,PGD-20-SNN,0.3,0.6022012578616353,0.5007586745657775,0.34564989517819705,0.23305644738846581,0.2565513626834382,0.4182475158084914,0.26874435411020775,0.9129979035639413,6,453
multi,4,DT,BBA,0.3,0.6022012578616353,0.5007586745657775,0.3259958071278826,0.20118598382749325,0.27620545073375263,0.43812104787714545,0.16260162601626016,0.9129979035639413,6,453
multi,4,DT,DBA-style,0.3,0.6022012578616353,0.5007586745657775,0.330188679245283,0.2043311759314428,0.27201257861635225,0.43586269196025296,0.23667570009033423,0.9129979035639413,6,453
multi,4,XGBoost,FGSM-SNN,0.05,0.6147798742138365,0.513061705855004,0.4748427672955975,0.37129351212057543,0.13993710691823902,0.230837394771821,0.03190075321222862,0.8888888888888888,6,453
multi,4,XGBoost,PGD-10-SNN,0.05,0.6147798742138365,0.513061705855004,0.44654088050314467,0.34760848977127573,0.16823899371069184,0.27558706247230835,0.0412051395657953,0.8888888888888888,6,453
multi,4,XGBoost,PGD-20-SNN,0.05,0.6147798742138365,0.513061705855004,0.45440251572327045,0.35646493728891804,0.16037735849056606,0.26406734603455917,0.03278688524590164,0.8888888888888888,6,453
multi,4,XGBoost,BBA,0.05,0.6147798742138365,0.513061705855004,0.39570230607966456,0.2876051912776271,0.21907756813417195,0.3526805494018609,0.027913159060700046,0.8888888888888888,6,453
multi,4,XGBoost,DBA-style,0.05,0.6147798742138365,0.513061705855004,0.6058700209643606,0.5029621419750029,0.008909853249475908,0.012405848471422242,0.0,0.8888888888888888,6,453
multi,4,XGBoost,FGSM-SNN,0.1,0.6147798742138365,0.513061705855004,0.4667190775681342,0.36720685912938417,0.14806079664570232,0.24368630926007975,0.03943287549844927,0.8888888888888888,6,453
multi,4,XGBoost,PGD-10-SNN,0.1,0.6147798742138365,0.513061705855004,0.3946540880503145,0.29942461823198235,0.22012578616352202,0.3642002658396101,0.08684093929995569,0.8888888888888888,6,453
multi,4,XGBoost,PGD-20-SNN,0.1,0.6147798742138365,0.513061705855004,0.3922955974842767,0.2942160058476774,0.22248427672955978,0.3642002658396101,0.08684093929995569,0.8888888888888888,6,453
multi,4,XGBoost,BBA,0.1,0.6147798742138365,0.513061705855004,0.3335953878406709,0.2113953983699181,0.2811844863731656,0.4421798848028356,0.02968542312804608,0.8888888888888888,6,453
multi,4,XGBoost,DBA-style,0.1,0.6147798742138365,0.513061705855004,0.6056079664570231,0.5026935547132975,0.009171907756813424,0.01284891448825875,0.0,0.8888888888888888,6,453
multi,4,XGBoost,FGSM-SNN,0.2,0.6147798742138365,0.513061705855004,0.46226415094339623,0.3633589559699888,0.15251572327044027,0.24368630926007975,0.013735046521931768,0.8888888888888888,6,453
multi,4,XGBoost,PGD-10-SNN,0.2,0.6147798742138365,0.513061705855004,0.36163522012578614,0.24844197248507507,0.25314465408805037,0.412051395657953,0.10943730615861763,0.8888888888888888,6,453
multi,4,XGBoost,PGD-20-SNN,0.2,0.6147798742138365,0.513061705855004,0.3613731656184486,0.24997784882913876,0.2534067085953879,0.4107221976074435,0.11342490031014621,0.8888888888888888,6,453
multi,4,XGBoost,BBA,0.2,0.6147798742138365,0.513061705855004,0.3270440251572327,0.20325142659692574,0.2877358490566038,0.4474966770048737,0.056269384138236594,0.8888888888888888,6,453
multi,4,XGBoost,DBA-style,0.2,0.6147798742138365,0.513061705855004,0.6074423480083857,0.5042676964483213,0.007337526205450806,0.00974745237040319,0.0,0.8888888888888888,6,453
multi,4,XGBoost,FGSM-SNN,0.3,0.6147798742138365,0.513061705855004,0.46016771488469604,0.3582808943497028,0.15461215932914046,0.24368630926007975,0.0,0.8888888888888888,6,453
multi,4,XGBoost,PGD-10-SNN,0.3,0.6147798742138365,0.513061705855004,0.3466981132075472,0.2265158225091733,0.26808176100628933,0.42711564023039433,0.12494461674789543,0.8888888888888888,6,453
multi,4,XGBoost,PGD-20-SNN,0.3,0.6147798742138365,0.513061705855004,0.34853249475890985,0.2294902029207095,0.26624737945492666,0.4293309703145769,0.11342490031014621,0.8888888888888888,6,453
multi,4,XGBoost,BBA,0.3,0.6147798742138365,0.513061705855004,0.3259958071278826,0.2005651868206674,0.2887840670859539,0.44882587505538324,0.07089056269384138,0.8888888888888888,6,453
multi,4,XGBoost,DBA-style,0.3,0.6147798742138365,0.513061705855004,0.6074423480083857,0.5042676964483213,0.007337526205450806,0.00974745237040319,0.0,0.8888888888888888,6,453
multi,4,LightGBM,FGSM-SNN,0.05,0.6163522012578616,0.5157149687697357,0.6163522012578616,0.5157149687697357,0.0,0.0,0.0,0.8660901467505241,6,453
multi,4,LightGBM,PGD-10-SNN,0.05,0.6163522012578616,0.5157149687697357,0.5078616352201258,0.4197618455145778,0.10849056603773577,0.17964601769911503,0.07699115044247788,0.8660901467505241,6,453
multi,4,LightGBM,PGD-20-SNN,0.05,0.6163522012578616,0.5157149687697357,0.5128406708595388,0.42311943163315846,0.10351153039832284,0.16991150442477876,0.07212389380530973,0.8660901467505241,6,453
multi,4,LightGBM,BBA,0.05,0.6163522012578616,0.5157149687697357,0.36740041928721173,0.2567534255612627,0.24895178197064988,0.40353982300884955,0.16194690265486725,0.8660901467505241,6,453
multi,4,LightGBM,DBA-style,0.05,0.6163522012578616,0.5157149687697357,0.46462264150943394,0.35083839404167666,0.15172955974842767,0.25398230088495577,0.07168141592920355,0.8660901467505241,6,453
multi,4,LightGBM,FGSM-SNN,0.1,0.6163522012578616,0.5157149687697357,0.6163522012578616,0.5157149687697357,0.0,0.0,0.0,0.8660901467505241,6,453
multi,4,LightGBM,PGD-10-SNN,0.1,0.6163522012578616,0.5157149687697357,0.42033542976939203,0.32643726331846507,0.19601677148846958,0.32831858407079645,0.17256637168141592,0.8660901467505241,6,453
multi,4,LightGBM,PGD-20-SNN,0.1,0.6163522012578616,0.5157149687697357,0.4088050314465409,0.3103750865938421,0.2075471698113207,0.3415929203539823,0.18672566371681415,0.8660901467505241,6,453
multi,4,LightGBM,BBA,0.1,0.6163522012578616,0.5157149687697357,0.3356918238993711,0.21167119093540224,0.28066037735849053,0.44734513274336285,0.22787610619469026,0.8660901467505241,6,453
multi,4,LightGBM,DBA-style,0.1,0.6163522012578616,0.5157149687697357,0.45125786163522014,0.3251874397702882,0.16509433962264147,0.2761061946902655,0.024778761061946902,0.8660901467505241,6,453
multi,4,LightGBM,FGSM-SNN,0.2,0.6163522012578616,0.5157149687697357,0.6163522012578616,0.5157149687697357,0.0,0.0,0.0,0.8660901467505241,6,453
multi,4,LightGBM,PGD-10-SNN,0.2,0.6163522012578616,0.5157149687697357,0.365041928721174,0.24425248835289776,0.2513102725366876,0.4075221238938053,0.21106194690265487,0.8660901467505241,6,453
multi,4,LightGBM,PGD-20-SNN,0.2,0.6163522012578616,0.5157149687697357,0.36346960167714887,0.2410702689030093,0.25288259958071274,0.413716814159292,0.22256637168141594,0.8660901467505241,6,453
multi,4,LightGBM,BBA,0.2,0.6163522012578616,0.5157149687697357,0.32861635220125784,0.19840588988371252,0.28773584905660377,0.4495575221238938,0.24734513274336284,0.8660901467505241,6,453
multi,4,LightGBM,DBA-style,0.2,0.6163522012578616,0.5157149687697357,0.45020964360587,0.32524021990559726,0.1661425576519916,0.2774336283185841,0.01592920353982301,0.8660901467505241,6,453
multi,4,LightGBM,FGSM-SNN,0.3,0.6163522012578616,0.5157149687697357,0.6163522012578616,0.5157149687697357,0.0,0.0,0.0,0.8660901467505241,6,453
multi,4,LightGBM,PGD-10-SNN,0.3,0.6163522012578616,0.5157149687697357,0.35246331236897277,0.21833758047673718,0.26388888888888884,0.42566371681415927,0.20176991150442478,0.8660901467505241,6,453
multi,4,LightGBM,PGD-20-SNN,0.3,0.6163522012578616,0.5157149687697357,0.3529874213836478,0.22149131985203188,0.2633647798742138,0.4261061946902655,0.2088495575221239,0.8660901467505241,6,453
multi,4,LightGBM,BBA,0.3,0.6163522012578616,0.5157149687697357,0.32651991614255765,0.1911785489036819,0.28983228511530396,0.4495575221238938,0.24424778761061947,0.8660901467505241,6,453
multi,4,LightGBM,DBA-style,0.3,0.6163522012578616,0.5157149687697357,0.45047169811320753,0.32631964389650786,0.16588050314465408,0.27699115044247785,0.013716814159292035,0.8660901467505241,6,453
