task,model,defense,evaluation_mode,attack,epsilon,base_clean_acc,defended_clean_acc,clean_acc_drop,base_adv_acc,defended_adv_acc,robustness_improvement,base_asr,defended_asr,base_evasion_asr,defended_evasion_asr,base_snn_agreement,defended_snn_agreement,num_features
binary,DT,Mixed,transfer,BBA,0.05,0.88083071278826,0.8727070230607966,0.008123689727463301,0.12755503144654087,0.8187893081761006,0.6912342767295598,0.8030204719541527,0.08672909944492642,0.8030204719541527,0.08672909944492642,0.8995676100628931,0.9046121593291405,716.0
binary,DT,Mixed,transfer,BBA,0.1,0.88083071278826,0.8727070230607966,0.008123689727463301,0.02954664570230608,0.8358883647798742,0.8063417190775681,0.9661151933125173,0.06261565678664112,0.9661151933125173,0.06261565678664112,0.8995676100628931,0.9046121593291405,716.0
binary,DT,Mixed,transfer,BBA,0.2,0.88083071278826,0.8727070230607966,0.008123689727463301,0.000720649895178197,0.8290094339622642,0.8282887840670861,0.9988899661556414,0.10283445380055842,0.9988899661556414,0.10283445380055842,0.8995676100628931,0.9046121593291405,716.0
binary,DT,Mixed,transfer,BBA,0.3,0.88083071278826,0.8727070230607966,0.008123689727463301,0.0002620545073375262,0.9219732704402516,0.921711215932914,0.999548669097229,0.010086605728709697,0.999548669097229,0.010086605728709697,0.8995676100628931,0.9046121593291405,716.0
binary,DT,Mixed,transfer,DBA-style,0.05,0.88083071278826,0.8727070230607966,0.008123689727463301,0.15507075471698112,0.8456498951781971,0.6905791404612159,0.8683432222083697,0.0553473642412627,0.8683432222083697,0.0553473642412627,0.8995676100628931,0.9046121593291405,716.0
binary,DT,Mixed,transfer,DBA-style,0.1,0.88083071278826,0.8727070230607966,0.008123689727463301,0.1381027253668763,0.8590146750524109,0.7209119496855345,0.8888104199753131,0.041493434770054245,0.8888104199753131,0.041493434770054245,0.8995676100628931,0.9046121593291405,716.0
binary,DT,Mixed,transfer,DBA-style,0.2,0.88083071278826,0.8727070230607966,0.008123689727463301,0.12310010482180293,0.8809617400419287,0.7578616352201257,0.9025284731761283,0.01844442206132683,0.9025284731761283,0.01844442206132683,0.8995676100628931,0.9046121593291405,716.0
binary,DT,Mixed,transfer,DBA-style,0.3,0.88083071278826,0.8727070230607966,0.008123689727463301,0.11235587002096437,0.8981263102725368,0.7857704402515724,0.904764963658377,0.00679984332564786,0.904764963658377,0.00679984332564786,0.8995676100628931,0.9046121593291405,716.0
binary,DT,Mixed,transfer,FGSM-SNN,0.05,0.88083071278826,0.8727070230607966,0.008123689727463301,0.41096698113207547,0.7250393081761006,0.31407232704402516,0.4699988215506211,0.102167737732905,0.4699988215506211,0.102167737732905,0.8995676100628931,0.9046121593291405,716.0
binary,DT,Mixed,transfer,FGSM-SNN,0.1,0.88083071278826,0.8727070230607966,0.008123689727463301,0.18271750524109015,0.8201650943396226,0.6374475890985325,0.8275535707056847,0.07290112253320684,0.8275535707056847,0.07290112253320684,0.8995676100628931,0.9046121593291405,716.0
binary,DT,Mixed,transfer,FGSM-SNN,0.2,0.88083071278826,0.8727070230607966,0.008123689727463301,0.12663784067085954,0.8095518867924528,0.6829140461215932,0.9046992301086685,0.06115398785776904,0.9046992301086685,0.06115398785776904,0.8995676100628931,0.9046121593291405,716.0
binary,DT,Mixed,transfer,FGSM-SNN,0.3,0.88083071278826,0.8727070230607966,0.008123689727463301,0.11176624737945492,0.9982966457023061,0.8865303983228512,0.9246691803405126,0.0007859086818407108,0.9246691803405126,0.0007859086818407108,0.8995676100628931,0.9046121593291405,716.0
binary,DT,Mixed,transfer,PGD-10-SNN,0.05,0.88083071278826,0.8727070230607966,0.008123689727463301,0.4336346960167715,0.7541928721174005,0.320558176100629,0.44305979786458083,0.09681674220429266,0.44305979786458083,0.09681674220429266,0.8995676100628931,0.9046121593291405,716.0
binary,DT,Mixed,transfer,PGD-10-SNN,0.1,0.88083071278826,0.8727070230607966,0.008123689727463301,0.2570099580712788,0.8673349056603774,0.6103249475890985,0.7668287075960424,0.054861852156439676,0.7668287075960424,0.054861852156439676,0.8995676100628931,0.9046121593291405,716.0
binary,DT,Mixed,transfer,PGD-10-SNN,0.2,0.88083071278826,0.8727070230607966,0.008123689727463301,0.19549266247379454,0.8427672955974843,0.6472746331236897,0.8707027642110425,0.03706507617836357,0.8707027642110425,0.03706507617836357,0.8995676100628931,0.9046121593291405,716.0
binary,DT,Mixed,transfer,PGD-10-SNN,0.3,0.88083071278826,0.8727070230607966,0.008123689727463301,0.17380765199161424,0.9978380503144654,0.8240303983228512,0.9182152980266964,0.001584352494238879,0.9182152980266964,0.001584352494238879,0.8995676100628931,0.9046121593291405,716.0
binary,DT,Mixed,transfer,PGD-20-SNN,0.05,0.88083071278826,0.8727070230607966,0.008123689727463301,0.4228904612159329,0.7508516771488469,0.32796121593291405,0.4437168478236453,0.09570629742731851,0.4437168478236453,0.09570629742731851,0.8995676100628931,0.9046121593291405,716.0
binary,DT,Mixed,transfer,PGD-20-SNN,0.1,0.88083071278826,0.8727070230607966,0.008123689727463301,0.24574161425576518,0.8560665618448637,0.6103249475890985,0.773594217982709,0.06076187342702376,0.773594217982709,0.06076187342702376,0.8995676100628931,0.9046121593291405,716.0
binary,DT,Mixed,transfer,PGD-20-SNN,0.2,0.88083071278826,0.8727070230607966,0.008123689727463301,0.1985062893081761,0.8397536687631026,0.6412473794549266,0.8635062559435364,0.04041328083056206,0.8635062559435364,0.04041328083056206,0.8995676100628931,0.9046121593291405,716.0
binary,DT,Mixed,transfer,PGD-20-SNN,0.3,0.88083071278826,0.8727070230607966,0.008123689727463301,0.18612421383647798,0.9982311320754716,0.8121069182389937,0.9038390728064989,0.0023445590623597645,0.9038390728064989,0.0023445590623597645,0.8995676100628931,0.9046121593291405,716.0
binary,DT,PGD-20-SNN,transfer,BBA,0.05,0.88083071278826,0.8826650943396227,-0.0018343815513627293,0.12755503144654087,0.6948375262054507,0.5672824947589099,0.8030204719541527,0.17435160937147698,0.8030204719541527,0.17435160937147698,0.8995676100628931,0.8936058700209644,716.0
binary,DT,PGD-20-SNN,transfer,BBA,0.1,0.88083071278826,0.8826650943396227,-0.0018343815513627293,0.02954664570230608,0.6377751572327044,0.6082285115303983,0.9661151933125173,0.27037737329674716,0.9661151933125173,0.27037737329674716,0.8995676100628931,0.8936058700209644,716.0
binary,DT,PGD-20-SNN,transfer,BBA,0.2,0.88083071278826,0.8826650943396227,-0.0018343815513627293,0.000720649895178197,0.5801231656184487,0.5794025157232705,0.9988899661556414,0.35550953678677805,0.9988899661556414,0.35550953678677805,0.8995676100628931,0.8936058700209644,716.0
binary,DT,PGD-20-SNN,transfer,BBA,0.3,0.88083071278826,0.8826650943396227,-0.0018343815513627293,0.0002620545073375262,0.5229297693920335,0.522667714884696,0.999548669097229,0.43678570427010566,0.999548669097229,0.43678570427010566,0.8995676100628931,0.8936058700209644,716.0
binary,DT,PGD-20-SNN,transfer,DBA-style,0.05,0.88083071278826,0.8826650943396227,-0.0018343815513627293,0.15507075471698112,0.6844863731656184,0.5294156184486373,0.8683432222083697,0.2819789536615983,0.8683432222083697,0.2819789536615983,0.8995676100628931,0.8936058700209644,716.0
binary,DT,PGD-20-SNN,transfer,DBA-style,0.1,0.88083071278826,0.8826650943396227,-0.0018343815513627293,0.1381027253668763,0.6707285115303983,0.532625786163522,0.8888104199753131,0.2935355738363217,0.8888104199753131,0.2935355738363217,0.8995676100628931,0.8936058700209644,716.0
binary,DT,PGD-20-SNN,transfer,DBA-style,0.2,0.88083071278826,0.8826650943396227,-0.0018343815513627293,0.12310010482180293,0.6559224318658281,0.5328223270440251,0.9025284731761283,0.30477398295382674,0.9025284731761283,0.30477398295382674,0.8995676100628931,0.8936058700209644,716.0
binary,DT,PGD-20-SNN,transfer,DBA-style,0.3,0.88083071278826,0.8826650943396227,-0.0018343815513627293,0.11235587002096437,0.6555948637316562,0.5432389937106918,0.904764963658377,0.30032196559266366,0.904764963658377,0.30032196559266366,0.8995676100628931,0.8936058700209644,716.0
binary,DT,PGD-20-SNN,transfer,FGSM-SNN,0.05,0.88083071278826,0.8826650943396227,-0.0018343815513627293,0.41096698113207547,0.7382730607966457,0.32730607966457026,0.4699988215506211,0.03764373367480574,0.4699988215506211,0.03764373367480574,0.8995676100628931,0.8936058700209644,716.0
binary,DT,PGD-20-SNN,transfer,FGSM-SNN,0.1,0.88083071278826,0.8826650943396227,-0.0018343815513627293,0.18271750524109015,0.7347353249475891,0.5520178197064989,0.8275535707056847,0.049328356050524776,0.8275535707056847,0.049328356050524776,0.8995676100628931,0.8936058700209644,716.0
binary,DT,PGD-20-SNN,transfer,FGSM-SNN,0.2,0.88083071278826,0.8826650943396227,-0.0018343815513627293,0.12663784067085954,0.7657232704402516,0.639085429769392,0.9046992301086685,0.01764823121201243,0.9046992301086685,0.01764823121201243,0.8995676100628931,0.8936058700209644,716.0
binary,DT,PGD-20-SNN,transfer,FGSM-SNN,0.3,0.88083071278826,0.8826650943396227,-0.0018343815513627293,0.11176624737945492,0.9716325995807128,0.8598663522012578,0.9246691803405126,0.01385479475550757,0.9246691803405126,0.01385479475550757,0.8995676100628931,0.8936058700209644,716.0
binary,DT,PGD-20-SNN,transfer,PGD-10-SNN,0.05,0.88083071278826,0.8826650943396227,-0.0018343815513627293,0.43389675052410903,0.7258254716981132,0.2919287211740042,0.44349596662736973,0.03131792179169955,0.44349596662736973,0.03131792179169955,0.8995676100628931,0.8936058700209644,716.0
binary,DT,PGD-20-SNN,transfer,PGD-10-SNN,0.1,0.88083071278826,0.8826650943396227,-0.0018343815513627293,0.25681341719077566,0.7355214884696016,0.478708071278826,0.7673776201436195,0.03801992170880938,0.7673776201436195,0.03801992170880938,0.8995676100628931,0.8936058700209644,716.0
binary,DT,PGD-20-SNN,transfer,PGD-10-SNN,0.2,0.88083071278826,0.8826650943396227,-0.0018343815513627293,0.19549266247379454,0.7845256813417191,0.5890330188679245,0.8705609648464799,0.0017702803279358134,0.8705609648464799,0.0017702803279358134,0.8995676100628931,0.8936058700209644,716.0
binary,DT,PGD-20-SNN,transfer,PGD-10-SNN,0.3,0.88083071278826,0.8826650943396227,-0.0018343815513627293,0.17243186582809222,0.9986897274633124,0.8262578616352202,0.921427986317784,0.0014342342788826788,0.921427986317784,0.0014342342788826788,0.8995676100628931,0.8936058700209644,716.0
binary,DT,PGD-20-SNN,transfer,PGD-20-SNN,0.05,0.88083071278826,0.8826650943396227,-0.0018343815513627293,0.42295597484276726,0.7349973794549266,0.31204140461215935,0.4422688234567325,0.03431193143202033,0.4422688234567325,0.03431193143202033,0.8995676100628931,0.8936058700209644,716.0
binary,DT,PGD-20-SNN,transfer,PGD-20-SNN,0.1,0.88083071278826,0.8826650943396227,-0.0018343815513627293,0.24410377358490565,0.7313286163522013,0.48722484276729566,0.7750452940895555,0.03846280345013541,0.7750452940895555,0.03846280345013541,0.8995676100628931,0.8936058700209644,716.0
binary,DT,PGD-20-SNN,transfer,PGD-20-SNN,0.2,0.88083071278826,0.8826650943396227,-0.0018343815513627293,0.2005372117400419,0.7813810272536688,0.5808438155136267,0.8632111555138671,0.0029933772736410093,0.8632111555138671,0.0029933772736410093,0.8995676100628931,0.8936058700209644,716.0
binary,DT,PGD-20-SNN,transfer,PGD-20-SNN,0.3,0.88083071278826,0.8826650943396227,-0.0018343815513627293,0.18448637316561844,0.9984931865828093,0.8140068134171907,0.9028196524703502,0.0014351083904736298,0.9028196524703502,0.0014351083904736298,0.8995676100628931,0.8936058700209644,716.0
binary,LightGBM,Mixed,transfer,BBA,0.05,0.9133909853249476,0.9029743186582809,0.010416666666666685,0.2365041928721174,0.8874475890985325,0.6509433962264151,0.6063276421843227,0.0013831499997743594,0.6063276421843227,0.0013831499997743594,0.9346174004192872,0.9239386792452831,716.0
binary,LightGBM,Mixed,transfer,BBA,0.1,0.9133909853249476,0.9029743186582809,0.010416666666666685,0.07258909853249476,0.9093946540880503,0.8368055555555556,0.8791697487774313,0.0008534469891895152,0.8791697487774313,0.0008534469891895152,0.9346174004192872,0.9239386792452831,716.0
binary,LightGBM,Mixed,transfer,BBA,0.2,0.9133909853249476,0.9029743186582809,0.010416666666666685,0.0062237945492662474,0.9288522012578616,0.9226284067085954,0.9896587533241534,0.001805958706598725,0.9896587533241534,0.001805958706598725,0.9346174004192872,0.9239386792452831,716.0
binary,LightGBM,Mixed,transfer,BBA,0.3,0.9133909853249476,0.9029743186582809,0.010416666666666685,0.0010482180293501049,0.9335691823899371,0.932520964360587,0.998262258647708,0.0014913413015190866,0.998262258647708,0.0014913413015190866,0.9346174004192872,0.9239386792452831,716.0
binary,LightGBM,Mixed,transfer,DBA-style,0.05,0.9133909853249476,0.9029743186582809,0.010416666666666685,0.6129454926624738,0.9304245283018868,0.31747903563941293,0.21094232916480005,0.0006390763763807123,0.21094232916480005,0.0006390763763807123,0.9346174004192872,0.9239386792452831,716.0
binary,LightGBM,Mixed,transfer,DBA-style,0.1,0.9133909853249476,0.9029743186582809,0.010416666666666685,0.6043632075471699,0.9312106918238994,0.3268474842767295,0.22058883460624554,0.0007462804930187911,0.22058883460624554,0.0007462804930187911,0.9346174004192872,0.9239386792452831,716.0
binary,LightGBM,Mixed,transfer,DBA-style,0.2,0.9133909853249476,0.9029743186582809,0.010416666666666685,0.597353249475891,0.9327830188679245,0.33542976939203356,0.2272215024569742,0.0007462804930187911,0.2272215024569742,0.0007462804930187911,0.9346174004192872,0.9239386792452831,716.0
binary,LightGBM,Mixed,transfer,DBA-style,0.3,0.9133909853249476,0.9029743186582809,0.010416666666666685,0.5957809224318659,0.9334381551362684,0.3376572327044025,0.22852612391826738,0.0008513906014337908,0.22852612391826738,0.0008513906014337908,0.9346174004192872,0.9239386792452831,716.0
binary,LightGBM,Mixed,transfer,FGSM-SNN,0.05,0.9133909853249476,0.9029743186582809,0.010416666666666685,0.46278825995807127,0.9726808176100629,0.5098925576519916,0.2848978682864961,0.00095474078557189,0.2848978682864961,0.00095474078557189,0.9346174004192872,0.9239386792452831,716.0
binary,LightGBM,Mixed,transfer,FGSM-SNN,0.1,0.9133909853249476,0.9029743186582809,0.010416666666666685,0.2517688679245283,0.9998034591194969,0.7480345911949686,0.6517750744534683,0.00010656436487638534,0.6517750744534683,0.00010656436487638534,0.9346174004192872,0.9239386792452831,716.0
binary,LightGBM,Mixed,transfer,FGSM-SNN,0.2,0.9133909853249476,0.9029743186582809,0.010416666666666685,0.16077044025157233,0.9998689727463312,0.8390985324947589,0.8095758653386766,0.0,0.8095758653386766,0.0,0.9346174004192872,0.9239386792452831,716.0
binary,LightGBM,Mixed,transfer,FGSM-SNN,0.3,0.9133909853249476,0.9029743186582809,0.010416666666666685,0.14609538784067086,0.9998689727463312,0.8537735849056604,0.845415508880192,0.00010656436487638534,0.845415508880192,0.00010656436487638534,0.9346174004192872,0.9239386792452831,716.0
binary,LightGBM,Mixed,transfer,PGD-10-SNN,0.05,0.9133909853249476,0.9029743186582809,0.010416666666666685,0.4592505241090147,0.9733359538784067,0.514085429769392,0.2779184526713806,0.0008483114806351059,0.2779184526713806,0.0008483114806351059,0.9346174004192872,0.9239386792452831,716.0
binary,LightGBM,Mixed,transfer,PGD-10-SNN,0.1,0.9133909853249476,0.9029743186582809,0.010416666666666685,0.24167976939203356,0.9995414046121593,0.7578616352201257,0.6332577843783791,0.0005306525752241377,0.6332577843783791,0.0005306525752241377,0.9346174004192872,0.9239386792452831,716.0
binary,LightGBM,Mixed,transfer,PGD-10-SNN,0.2,0.9133909853249476,0.9029743186582809,0.010416666666666685,0.15566037735849056,0.999475890985325,0.8438155136268344,0.7710270622173709,0.0007435091125666635,0.7710270622173709,0.0007435091125666635,0.9346174004192872,0.9239386792452831,716.0
binary,LightGBM,Mixed,transfer,PGD-10-SNN,0.3,0.9133909853249476,0.9029743186582809,0.010416666666666685,0.15284329140461217,0.999475890985325,0.8466325995807128,0.7765413321051227,0.0007441864847957119,0.7765413321051227,0.0007441864847957119,0.9346174004192872,0.9239386792452831,716.0
binary,LightGBM,Mixed,transfer,PGD-20-SNN,0.05,0.9133909853249476,0.9029743186582809,0.010416666666666685,0.4908280922431866,0.9265592243186583,0.4357311320754717,0.24018856598720287,0.0018029172062673947,0.24018856598720287,0.0018029172062673947,0.9346174004192872,0.9239386792452831,716.0
binary,LightGBM,Mixed,transfer,PGD-20-SNN,0.1,0.9133909853249476,0.9029743186582809,0.010416666666666685,0.3185927672955975,0.9978380503144655,0.679245283018868,0.5173712603618388,0.00031924822181195504,0.5173712603618388,0.00031924822181195504,0.9346174004192872,0.9239386792452831,716.0
binary,LightGBM,Mixed,transfer,PGD-20-SNN,0.2,0.9133909853249476,0.9029743186582809,0.010416666666666685,0.20584381551362685,0.9996724318658281,0.7938286163522013,0.694829260621596,0.00021272147740292462,0.694829260621596,0.00021272147740292462,0.9346174004192872,0.9239386792452831,716.0
binary,LightGBM,Mixed,transfer,PGD-20-SNN,0.3,0.9133909853249476,0.9029743186582809,0.010416666666666685,0.18887578616352202,0.999475890985325,0.810600104821803,0.7259149072872016,0.0008493961052140004,0.7259149072872016,0.0008493961052140004,0.9346174004192872,0.9239386792452831,716.0
binary,LightGBM,PGD-20-SNN,transfer,BBA,0.05,0.9133909853249476,0.9142426624737945,-0.0008516771488469577,0.2365041928721174,0.6732180293501049,0.43671383647798745,0.6063276421843227,0.09166766444750425,0.6063276421843227,0.09166766444750425,0.9346174004192872,0.9365828092243187,716.0
binary,LightGBM,PGD-20-SNN,transfer,BBA,0.1,0.9133909853249476,0.9142426624737945,-0.0008516771488469577,0.07258909853249476,0.6217898322851153,0.5492007337526206,0.8791697487774313,0.18153667118686,0.8791697487774313,0.18153667118686,0.9346174004192872,0.9365828092243187,716.0
binary,LightGBM,PGD-20-SNN,transfer,BBA,0.2,0.9133909853249476,0.9142426624737945,-0.0008516771488469577,0.0062237945492662474,0.6218553459119497,0.6156315513626834,0.9896587533241534,0.18189668287425081,0.9896587533241534,0.18189668287425081,0.9346174004192872,0.9365828092243187,716.0
binary,LightGBM,PGD-20-SNN,transfer,BBA,0.3,0.9133909853249476,0.9142426624737945,-0.0008516771488469577,0.0010482180293501049,0.6077699161425576,0.6067216981132075,0.998262258647708,0.159528198766807,0.998262258647708,0.159528198766807,0.9346174004192872,0.9365828092243187,716.0
binary,LightGBM,PGD-20-SNN,transfer,DBA-style,0.05,0.9133909853249476,0.9142426624737945,-0.0008516771488469577,0.6129454926624738,0.8620283018867925,0.24908280922431866,0.21094232916480005,0.048900911775697865,0.21094232916480005,0.048900911775697865,0.9346174004192872,0.9365828092243187,716.0
binary,LightGBM,PGD-20-SNN,transfer,DBA-style,0.1,0.9133909853249476,0.9142426624737945,-0.0008516771488469577,0.6043632075471699,0.8547562893081762,0.2503930817610063,0.22058883460624554,0.05852854513503766,0.22058883460624554,0.05852854513503766,0.9346174004192872,0.9365828092243187,716.0
binary,LightGBM,PGD-20-SNN,transfer,DBA-style,0.2,0.9133909853249476,0.9142426624737945,-0.0008516771488469577,0.597353249475891,0.8459119496855346,0.24855870020964363,0.2272215024569742,0.0679096216529402,0.2272215024569742,0.0679096216529402,0.9346174004192872,0.9365828092243187,716.0
binary,LightGBM,PGD-20-SNN,transfer,DBA-style,0.3,0.9133909853249476,0.9142426624737945,-0.0008516771488469577,0.5957809224318659,0.8421776729559749,0.24639675052410903,0.22852612391826738,0.0725717243979796,0.22852612391826738,0.0725717243979796,0.9346174004192872,0.9365828092243187,716.0
binary,LightGBM,PGD-20-SNN,transfer,FGSM-SNN,0.05,0.9133909853249476,0.9142426624737945,-0.0008516771488469577,0.46278825995807127,0.9984931865828093,0.5357049266247379,0.2848978682864961,0.0,0.2848978682864961,0.0,0.9346174004192872,0.9365828092243187,716.0
binary,LightGBM,PGD-20-SNN,transfer,FGSM-SNN,0.1,0.9133909853249476,0.9142426624737945,-0.0008516771488469577,0.2517688679245283,0.9999344863731656,0.7481656184486374,0.6517750744534683,0.0,0.6517750744534683,0.0,0.9346174004192872,0.9365828092243187,716.0
binary,LightGBM,PGD-20-SNN,transfer,FGSM-SNN,0.2,0.9133909853249476,0.9142426624737945,-0.0008516771488469577,0.16077044025157233,0.9999344863731656,0.8391640461215932,0.8095758653386766,0.0,0.8095758653386766,0.0,0.9346174004192872,0.9365828092243187,716.0
binary,LightGBM,PGD-20-SNN,transfer,FGSM-SNN,0.3,0.9133909853249476,0.9142426624737945,-0.0008516771488469577,0.14609538784067086,0.9999344863731656,0.8538390985324947,0.845415508880192,0.0,0.845415508880192,0.0,0.9346174004192872,0.9365828092243187,716.0
binary,LightGBM,PGD-20-SNN,transfer,PGD-10-SNN,0.05,0.9133909853249476,0.9142426624737945,-0.0008516771488469577,0.4595780922431866,0.9991483228511531,0.5395702306079665,0.2779115144931287,0.0,0.2779115144931287,0.0,0.9346174004192872,0.9365828092243187,716.0
binary,LightGBM,PGD-20-SNN,transfer,PGD-10-SNN,0.1,0.9133909853249476,0.9142426624737945,-0.0008516771488469577,0.24141771488469602,0.9998689727463312,0.7584512578616353,0.6330521667832587,0.00010955302366345311,0.6330521667832587,0.00010955302366345311,0.9346174004192872,0.9365828092243187,716.0
binary,LightGBM,PGD-20-SNN,transfer,PGD-10-SNN,0.2,0.9133909853249476,0.9142426624737945,-0.0008516771488469577,0.15284329140461217,0.9997379454926625,0.8468946540880503,0.7736464804183101,0.0003288606749285968,0.7736464804183101,0.0003288606749285968,0.9346174004192872,0.9365828092243187,716.0
binary,LightGBM,PGD-20-SNN,transfer,PGD-10-SNN,0.3,0.9133909853249476,0.9142426624737945,-0.0008516771488469577,0.1540880503144654,0.9998034591194969,0.8457154088050315,0.7740288749552854,0.0002175805047867711,0.7740288749552854,0.0002175805047867711,0.9346174004192872,0.9365828092243187,716.0
binary,LightGBM,PGD-20-SNN,transfer,PGD-20-SNN,0.05,0.9133909853249476,0.9142426624737945,-0.0008516771488469577,0.48997641509433965,0.9920728511530399,0.5020964360587002,0.23844642347419684,0.00010955302366345311,0.23844642347419684,0.00010955302366345311,0.9346174004192872,0.9365828092243187,716.0
binary,LightGBM,PGD-20-SNN,transfer,PGD-20-SNN,0.1,0.9133909853249476,0.9142426624737945,-0.0008516771488469577,0.318003144654088,0.9998689727463312,0.6818658280922432,0.5173970253289557,0.00010879025239338555,0.5173970253289557,0.00010879025239338555,0.9346174004192872,0.9365828092243187,716.0
binary,LightGBM,PGD-20-SNN,transfer,PGD-20-SNN,0.2,0.9133909853249476,0.9142426624737945,-0.0008516771488469577,0.20302672955974843,0.9997379454926625,0.796711215932914,0.7014497833848461,0.00032824870033702866,0.7014497833848461,0.00032824870033702866,0.9346174004192872,0.9365828092243187,716.0
binary,LightGBM,PGD-20-SNN,transfer,PGD-20-SNN,0.3,0.9133909853249476,0.9142426624737945,-0.0008516771488469577,0.19405136268343814,0.9996724318658281,0.80562106918239,0.7176301479806787,0.00043655676512626166,0.7176301479806787,0.00043655676512626166,0.9346174004192872,0.9365828092243187,716.0
binary,RF,Mixed,transfer,BBA,0.05,0.9137840670859538,0.91208071278826,0.0017033542976938876,0.4699292452830189,0.7263495807127883,0.25642033542976944,0.228018179547602,0.0016065127794579847,0.228018179547602,0.0016065127794579847,0.926690251572327,0.923414570230608,716.0
binary,RF,Mixed,transfer,BBA,0.1,0.9137840670859538,0.91208071278826,0.0017033542976938876,0.413980607966457,0.7392557651991614,0.3252751572327044,0.3180139967938522,0.0020399658141550367,0.3180139967938522,0.0020399658141550367,0.926690251572327,0.923414570230608,716.0
binary,RF,Mixed,transfer,BBA,0.2,0.9137840670859538,0.91208071278826,0.0017033542976938876,0.2887185534591195,0.8554769392033543,0.5667583857442348,0.5243671103458737,0.00333532953103933,0.5243671103458737,0.00333532953103933,0.926690251572327,0.923414570230608,716.0
binary,RF,Mixed,transfer,BBA,0.3,0.9137840670859538,0.91208071278826,0.0017033542976938876,0.2038784067085954,0.9156839622641509,0.7118055555555556,0.6641950401793543,0.005923526920275367,0.6641950401793543,0.005923526920275367,0.926690251572327,0.923414570230608,716.0
binary,RF,Mixed,transfer,DBA-style,0.05,0.9137840670859538,0.91208071278826,0.0017033542976938876,0.8797824947589099,0.905725890985325,0.02594339622641509,0.02170289291871849,0.003559105658353199,0.02170289291871849,0.003559105658353199,0.926690251572327,0.923414570230608,716.0
binary,RF,Mixed,transfer,DBA-style,0.1,0.9137840670859538,0.91208071278826,0.0017033542976938876,0.8762447589098532,0.9033674004192872,0.02712264150943397,0.022781978235305173,0.004528865993056181,0.022781978235305173,0.004528865993056181,0.926690251572327,0.923414570230608,716.0
binary,RF,Mixed,transfer,DBA-style,0.2,0.9137840670859538,0.91208071278826,0.0017033542976938876,0.8735587002096437,0.9016640461215932,0.02810534591194966,0.023429372489802137,0.0051745919760484765,0.023429372489802137,0.0051745919760484765,0.926690251572327,0.923414570230608,716.0
binary,RF,Mixed,transfer,DBA-style,0.3,0.9137840670859538,0.91208071278826,0.0017033542976938876,0.872248427672956,0.9010089098532494,0.02876048218029348,0.023861015400009608,0.005496758823477331,0.023861015400009608,0.005496758823477331,0.926690251572327,0.923414570230608,716.0
binary,RF,Mixed,transfer,FGSM-SNN,0.05,0.9137840670859538,0.91208071278826,0.0017033542976938876,0.5070754716981132,0.9999344863731656,0.4928590146750524,0.19899785477914111,0.0,0.19899785477914111,0.0,0.926690251572327,0.923414570230608,716.0
binary,RF,Mixed,transfer,FGSM-SNN,0.1,0.9137840670859538,0.91208071278826,0.0017033542976938876,0.45879192872117397,0.9999344863731656,0.5411425576519916,0.30148454469464314,0.0,0.30148454469464314,0.0,0.926690251572327,0.923414570230608,716.0
binary,RF,Mixed,transfer,FGSM-SNN,0.2,0.9137840670859538,0.91208071278826,0.0017033542976938876,0.5000655136268344,0.9999344863731656,0.49986897274633124,0.24769483507117865,0.0,0.24769483507117865,0.0,0.926690251572327,0.923414570230608,716.0
binary,RF,Mixed,transfer,FGSM-SNN,0.3,0.9137840670859538,0.91208071278826,0.0017033542976938876,0.5273191823899371,0.9999344863731656,0.4726153039832285,0.20532138716254805,0.0,0.20532138716254805,0.0,0.926690251572327,0.923414570230608,716.0
binary,RF,Mixed,transfer,PGD-10-SNN,0.05,0.9137840670859538,0.91208071278826,0.0017033542976938876,0.5245020964360587,0.9992138364779874,0.4747117400419287,0.18024688976476966,0.0,0.18024688976476966,0.0,0.926690251572327,0.923414570230608,716.0
binary,RF,Mixed,transfer,PGD-10-SNN,0.1,0.9137840670859538,0.91208071278826,0.0017033542976938876,0.4802148846960168,0.9998034591194969,0.51958857442348,0.25887449986340255,0.00010841283607979184,0.25887449986340255,0.00010841283607979184,0.926690251572327,0.923414570230608,716.0
binary,RF,Mixed,transfer,PGD-10-SNN,0.2,0.9137840670859538,0.91208071278826,0.0017033542976938876,0.5139544025157233,0.9998689727463312,0.48591457023060797,0.2306854464362595,0.00010757314974182444,0.2306854464362595,0.00010757314974182444,0.926690251572327,0.923414570230608,716.0
binary,RF,Mixed,transfer,PGD-10-SNN,0.3,0.9137840670859538,0.91208071278826,0.0017033542976938876,0.5476284067085954,0.9999344863731656,0.45230607966457026,0.18521302927833083,0.00010841283607979184,0.18521302927833083,0.00010841283607979184,0.926690251572327,0.923414570230608,716.0
binary,RF,Mixed,transfer,PGD-20-SNN,0.05,0.9137840670859538,0.91208071278826,0.0017033542976938876,0.5222091194968553,0.9996069182389937,0.4773977987421384,0.18097826493997773,0.0,0.18097826493997773,0.0,0.926690251572327,0.923414570230608,716.0
binary,RF,Mixed,transfer,PGD-20-SNN,0.1,0.9137840670859538,0.91208071278826,0.0017033542976938876,0.4800183438155136,0.9998689727463312,0.5198506289308176,0.2625516906821802,0.00010757314974182444,0.2625516906821802,0.00010757314974182444,0.926690251572327,0.923414570230608,716.0
binary,RF,Mixed,transfer,PGD-20-SNN,0.2,0.9137840670859538,0.91208071278826,0.0017033542976938876,0.5200471698113208,1.0,0.47995283018867924,0.22138234666049486,0.0,0.22138234666049486,0.0,0.926690251572327,0.923414570230608,716.0
binary,RF,Mixed,transfer,PGD-20-SNN,0.3,0.9137840670859538,0.91208071278826,0.0017033542976938876,0.5575864779874213,0.9999344863731656,0.44234800838574423,0.16955298665532506,0.00010841283607979184,0.16955298665532506,0.00010841283607979184,0.926690251572327,0.923414570230608,716.0
binary,RF,PGD-20-SNN,transfer,BBA,0.05,0.9137840670859538,0.913980607966457,-0.00019654088050313767,0.4699292452830189,0.6985062893081762,0.22857704402515722,0.228018179547602,0.022821668870188834,0.228018179547602,0.022821668870188834,0.926690251572327,0.9213836477987422,716.0
binary,RF,PGD-20-SNN,transfer,BBA,0.1,0.9137840670859538,0.913980607966457,-0.00019654088050313767,0.413980607966457,0.66791142557652,0.25393081761006286,0.3180139967938522,0.02845128461273742,0.3180139967938522,0.02845128461273742,0.926690251572327,0.9213836477987422,716.0
binary,RF,PGD-20-SNN,transfer,BBA,0.2,0.9137840670859538,0.913980607966457,-0.00019654088050313767,0.2887185534591195,0.6325340670859538,0.3438155136268344,0.5243671103458737,0.058056426022746806,0.5243671103458737,0.058056426022746806,0.926690251572327,0.9213836477987422,716.0
binary,RF,PGD-20-SNN,transfer,BBA,0.3,0.9137840670859538,0.913980607966457,-0.00019654088050313767,0.2038784067085954,0.6179245283018868,0.4140461215932914,0.6641950401793543,0.058131398630412445,0.6641950401793543,0.058131398630412445,0.926690251572327,0.9213836477987422,716.0
binary,RF,PGD-20-SNN,transfer,DBA-style,0.05,0.9137840670859538,0.913980607966457,-0.00019654088050313767,0.8797824947589099,0.9045466457023061,0.024764150943396235,0.02170289291871849,0.005291593571386493,0.02170289291871849,0.005291593571386493,0.926690251572327,0.9213836477987422,716.0
binary,RF,PGD-20-SNN,transfer,DBA-style,0.1,0.9137840670859538,0.913980607966457,-0.00019654088050313767,0.8762447589098532,0.9019916142557652,0.02574685534591198,0.022781978235305173,0.006367745196428003,0.022781978235305173,0.006367745196428003,0.926690251572327,0.9213836477987422,716.0
binary,RF,PGD-20-SNN,transfer,DBA-style,0.2,0.9137840670859538,0.913980607966457,-0.00019654088050313767,0.8735587002096437,0.8987814465408805,0.02522274633123689,0.023429372489802137,0.007340288887983447,0.023429372489802137,0.007340288887983447,0.926690251572327,0.9213836477987422,716.0
binary,RF,PGD-20-SNN,transfer,DBA-style,0.3,0.9137840670859538,0.913980607966457,-0.00019654088050313767,0.872248427672956,0.8981263102725368,0.02587788259958071,0.023861015400009608,0.00788039363643128,0.023861015400009608,0.00788039363643128,0.926690251572327,0.9213836477987422,716.0
binary,RF,PGD-20-SNN,transfer,FGSM-SNN,0.05,0.9137840670859538,0.913980607966457,-0.00019654088050313767,0.5070754716981132,0.9998689727463312,0.492793501048218,0.19899785477914111,0.00010743446497636442,0.19899785477914111,0.00010743446497636442,0.926690251572327,0.9213836477987422,716.0
binary,RF,PGD-20-SNN,transfer,FGSM-SNN,0.1,0.9137840670859538,0.913980607966457,-0.00019654088050313767,0.45879192872117397,0.9998689727463312,0.5410770440251572,0.30148454469464314,0.0,0.30148454469464314,0.0,0.926690251572327,0.9213836477987422,716.0
binary,RF,PGD-20-SNN,transfer,FGSM-SNN,0.2,0.9137840670859538,0.913980607966457,-0.00019654088050313767,0.5000655136268344,0.9996724318658281,0.4996069182389937,0.24769483507117865,0.0,0.24769483507117865,0.0,0.926690251572327,0.9213836477987422,716.0
binary,RF,PGD-20-SNN,transfer,FGSM-SNN,0.3,0.9137840670859538,0.913980607966457,-0.00019654088050313767,0.5273191823899371,0.9996724318658281,0.47235324947589097,0.20532138716254805,0.0,0.20532138716254805,0.0,0.926690251572327,0.9213836477987422,716.0
binary,RF,PGD-20-SNN,transfer,PGD-10-SNN,0.05,0.9137840670859538,0.913980607966457,-0.00019654088050313767,0.5259433962264151,1.0,0.47405660377358494,0.18024174036179164,0.0,0.18024174036179164,0.0,0.926690251572327,0.9213836477987422,716.0
binary,RF,PGD-20-SNN,transfer,PGD-10-SNN,0.1,0.9137840670859538,0.913980607966457,-0.00019654088050313767,0.480083857442348,0.9998034591194969,0.5197196016771488,0.2585587121208387,0.0003237914805286041,0.2585587121208387,0.0003237914805286041,0.926690251572327,0.9213836477987422,716.0
binary,RF,PGD-20-SNN,transfer,PGD-10-SNN,0.2,0.9137840670859538,0.913980607966457,-0.00019654088050313767,0.5125131027253669,0.9996724318658281,0.48715932914046123,0.2314534004352709,0.000431457285868828,0.2314534004352709,0.000431457285868828,0.926690251572327,0.9213836477987422,716.0
binary,RF,PGD-20-SNN,transfer,PGD-10-SNN,0.3,0.9137840670859538,0.913980607966457,-0.00019654088050313767,0.5484145702306079,1.0,0.4515854297693921,0.1830602888447547,0.0,0.1830602888447547,0.0,0.926690251572327,0.9213836477987422,716.0
binary,RF,PGD-20-SNN,transfer,PGD-20-SNN,0.05,0.9137840670859538,0.913980607966457,-0.00019654088050313767,0.5255503144654088,0.9999344863731656,0.47438417190775684,0.17775668419346574,0.00010766580534022394,0.17775668419346574,0.00010766580534022394,0.926690251572327,0.9213836477987422,716.0
binary,RF,PGD-20-SNN,transfer,PGD-20-SNN,0.1,0.9137840670859538,0.913980607966457,-0.00019654088050313767,0.48014937106918243,1.0,0.5198506289308176,0.2610396510781996,0.0,0.2610396510781996,0.0,0.926690251572327,0.9213836477987422,716.0
binary,RF,PGD-20-SNN,transfer,PGD-20-SNN,0.2,0.9137840670859538,0.913980607966457,-0.00019654088050313767,0.5181472746331237,0.9999344863731656,0.4817872117400419,0.22269209074155566,0.00010766580534022394,0.22269209074155566,0.00010766580534022394,0.926690251572327,0.9213836477987422,716.0
binary,RF,PGD-20-SNN,transfer,PGD-20-SNN,0.3,0.9137840670859538,0.913980607966457,-0.00019654088050313767,0.5567348008385744,1.0,0.4432651991614256,0.17020405912790393,0.0,0.17020405912790393,0.0,0.926690251572327,0.9213836477987422,716.0
binary,XGBoost,Mixed,transfer,BBA,0.05,0.9176493710691824,0.9118841719077568,0.005765199161425594,0.2005372117400419,0.8983228511530399,0.697785639412998,0.6686082917201871,0.012895940876116185,0.6686082917201871,0.012895940876116185,0.9218422431865828,0.9095256813417191,716.0
binary,XGBoost,Mixed,transfer,BBA,0.1,0.9176493710691824,0.9118841719077568,0.005765199161425594,0.05817610062893082,0.9168632075471699,0.858687106918239,0.9038342162397313,0.008055417407091169,0.9038342162397313,0.008055417407091169,0.9218422431865828,0.9095256813417191,716.0
binary,XGBoost,Mixed,transfer,BBA,0.2,0.9176493710691824,0.9118841719077568,0.005765199161425594,0.004127358490566038,0.9078223270440251,0.9036949685534591,0.9931648216961733,0.00654389546317277,0.9931648216961733,0.00654389546317277,0.9218422431865828,0.9095256813417191,716.0
binary,XGBoost,Mixed,transfer,BBA,0.3,0.9176493710691824,0.9118841719077568,0.005765199161425594,0.0008516771488469603,0.9337002096436059,0.932848532494759,0.9985921651704832,0.0020442771299411964,0.9985921651704832,0.0020442771299411964,0.9218422431865828,0.9095256813417191,716.0
binary,XGBoost,Mixed,transfer,DBA-style,0.05,0.9176493710691824,0.9118841719077568,0.005765199161425594,0.6476022012578616,0.91791142557652,0.2703092243186583,0.17097392020037455,0.0031093106337792133,0.17097392020037455,0.0031093106337792133,0.9218422431865828,0.9095256813417191,716.0
binary,XGBoost,Mixed,transfer,DBA-style,0.1,0.9176493710691824,0.9118841719077568,0.005765199161425594,0.6416404612159329,0.9200078616352201,0.2783674004192872,0.17758532061074023,0.003542425287040366,0.17758532061074023,0.003542425287040366,0.9218422431865828,0.9095256813417191,716.0
binary,XGBoost,Mixed,transfer,DBA-style,0.2,0.9176493710691824,0.9118841719077568,0.005765199161425594,0.6381027253668763,0.9240697064989518,0.28596698113207547,0.17983998964645578,0.003545708237434229,0.17983998964645578,0.003545708237434229,0.9218422431865828,0.9095256813417191,716.0
binary,XGBoost,Mixed,transfer,DBA-style,0.3,0.9176493710691824,0.9118841719077568,0.005765199161425594,0.6359407756813418,0.9281315513626834,0.2921907756813417,0.18156821347062993,0.0016083167588161035,0.18156821347062993,0.0016083167588161035,0.9218422431865828,0.9095256813417191,716.0
binary,XGBoost,Mixed,transfer,FGSM-SNN,0.05,0.9176493710691824,0.9118841719077568,0.005765199161425594,0.2655922431865828,0.910377358490566,0.6447851153039832,0.697143491893969,0.0006475894264336168,0.697143491893969,0.0006475894264336168,0.9218422431865828,0.9095256813417191,716.0
binary,XGBoost,Mixed,transfer,FGSM-SNN,0.1,0.9176493710691824,0.9118841719077568,0.005765199161425594,0.14740566037735847,0.9985587002096437,0.8511530398322851,0.8715765271267226,0.00010757314974182444,0.8715765271267226,0.00010757314974182444,0.9218422431865828,0.9095256813417191,716.0
binary,XGBoost,Mixed,transfer,FGSM-SNN,0.2,0.9176493710691824,0.9118841719077568,0.005765199161425594,0.10508385744234801,0.9998689727463312,0.8947851153039833,0.9129379431666171,0.0,0.9129379431666171,0.0,0.9218422431865828,0.9095256813417191,716.0
binary,XGBoost,Mixed,transfer,FGSM-SNN,0.3,0.9176493710691824,0.9118841719077568,0.005765199161425594,0.08510220125786164,1.0,0.9148977987421384,0.9264004788917043,0.0,0.9264004788917043,0.0,0.9218422431865828,0.9095256813417191,716.0
binary,XGBoost,Mixed,transfer,PGD-10-SNN,0.05,0.9176493710691824,0.9118841719077568,0.005765199161425594,0.2896357442348009,0.8797169811320755,0.5900812368972747,0.6278080692605628,0.0018277805670987109,0.6278080692605628,0.0018277805670987109,0.9218422431865828,0.9095256813417191,716.0
binary,XGBoost,Mixed,transfer,PGD-10-SNN,0.1,0.9176493710691824,0.9118841719077568,0.005765199161425594,0.14439203354297694,0.9805424528301887,0.8361504192872118,0.8313703088185433,0.0008588059826908885,0.8313703088185433,0.0008588059826908885,0.9218422431865828,0.9095256813417191,716.0
binary,XGBoost,Mixed,transfer,PGD-10-SNN,0.2,0.9176493710691824,0.9118841719077568,0.005765199161425594,0.12703092243186584,0.9990828092243187,0.8720518867924528,0.8375120995875143,0.00021422450728363326,0.8375120995875143,0.00021422450728363326,0.9218422431865828,0.9095256813417191,716.0
binary,XGBoost,Mixed,transfer,PGD-10-SNN,0.3,0.9176493710691824,0.9118841719077568,0.005765199161425594,0.15566037735849056,0.9993448637316562,0.8436844863731656,0.7999362719359486,0.0008626141983410836,0.7999362719359486,0.0008626141983410836,0.9218422431865828,0.9095256813417191,716.0
binary,XGBoost,Mixed,transfer,PGD-20-SNN,0.05,0.9176493710691824,0.9118841719077568,0.005765199161425594,0.28170859538784065,0.88083071278826,0.5991221174004193,0.6359159248336187,0.0021483654604490827,0.6359159248336187,0.0021483654604490827,0.9218422431865828,0.9095256813417191,716.0
binary,XGBoost,Mixed,transfer,PGD-20-SNN,0.1,0.9176493710691824,0.9118841719077568,0.005765199161425594,0.13286163522012578,0.982835429769392,0.8499737945492662,0.841441672600929,0.0004307694671748743,0.841441672600929,0.0004307694671748743,0.9218422431865828,0.9095256813417191,716.0
binary,XGBoost,Mixed,transfer,PGD-20-SNN,0.2,0.9176493710691824,0.9118841719077568,0.005765199161425594,0.12650681341719078,0.9991483228511531,0.8726415094339622,0.8365366830733808,0.00032133676092544985,0.8365366830733808,0.00032133676092544985,0.9218422431865828,0.9095256813417191,716.0
binary,XGBoost,Mixed,transfer,PGD-20-SNN,0.3,0.9176493710691824,0.9118841719077568,0.005765199161425594,0.16149109014675053,0.9995414046121593,0.8380503144654088,0.7885456589031636,0.0005401697484831117,0.7885456589031636,0.0005401697484831117,0.9218422431865828,0.9095256813417191,716.0
binary,XGBoost,PGD-20-SNN,transfer,BBA,0.05,0.9176493710691824,0.915356394129979,0.002292976939203356,0.2005372117400419,0.6774109014675053,0.47687368972746336,0.6686082917201871,0.10807189786505458,0.6686082917201871,0.10807189786505458,0.9218422431865828,0.921187106918239,716.0
binary,XGBoost,PGD-20-SNN,transfer,BBA,0.1,0.9176493710691824,0.915356394129979,0.002292976939203356,0.05817610062893082,0.6924135220125787,0.6342374213836478,0.9038342162397313,0.13719305170875012,0.9038342162397313,0.13719305170875012,0.9218422431865828,0.921187106918239,716.0
binary,XGBoost,PGD-20-SNN,transfer,BBA,0.2,0.9176493710691824,0.915356394129979,0.002292976939203356,0.004127358490566038,0.6455712788259957,0.6414439203354297,0.9931648216961733,0.198214337276895,0.9931648216961733,0.198214337276895,0.9218422431865828,0.921187106918239,716.0
binary,XGBoost,PGD-20-SNN,transfer,BBA,0.3,0.9176493710691824,0.915356394129979,0.002292976939203356,0.0008516771488469603,0.6395440251572327,0.6386923480083858,0.9985921651704832,0.19707216244359324,0.9985921651704832,0.19707216244359324,0.9218422431865828,0.921187106918239,716.0
binary,XGBoost,PGD-20-SNN,transfer,DBA-style,0.05,0.9176493710691824,0.915356394129979,0.002292976939203356,0.6476022012578616,0.8753930817610063,0.22779088050314464,0.17097392020037455,0.028069436760145918,0.17097392020037455,0.028069436760145918,0.9218422431865828,0.921187106918239,716.0
binary,XGBoost,PGD-20-SNN,transfer,DBA-style,0.1,0.9176493710691824,0.915356394129979,0.002292976939203356,0.6416404612159329,0.8687762054507338,0.22713574423480082,0.17758532061074023,0.03198543638360617,0.17758532061074023,0.03198543638360617,0.9218422431865828,0.921187106918239,716.0
binary,XGBoost,PGD-20-SNN,transfer,DBA-style,0.2,0.9176493710691824,0.915356394129979,0.002292976939203356,0.6381027253668763,0.8608490566037736,0.22274633123689727,0.17983998964645578,0.0379307257657306,0.17983998964645578,0.0379307257657306,0.9218422431865828,0.921187106918239,716.0
binary,XGBoost,PGD-20-SNN,transfer,DBA-style,0.3,0.9176493710691824,0.915356394129979,0.002292976939203356,0.6359407756813418,0.8589491614255765,0.22300838574423482,0.18156821347062993,0.03922469940906803,0.18156821347062993,0.03922469940906803,0.9218422431865828,0.921187106918239,716.0
binary,XGBoost,PGD-20-SNN,transfer,FGSM-SNN,0.05,0.9176493710691824,0.915356394129979,0.002292976939203356,0.2655922431865828,0.9901729559748428,0.72458071278826,0.697143491893969,0.00021486892995272884,0.697143491893969,0.00021486892995272884,0.9218422431865828,0.921187106918239,716.0
binary,XGBoost,PGD-20-SNN,transfer,FGSM-SNN,0.1,0.9176493710691824,0.915356394129979,0.002292976939203356,0.14740566037735847,0.9999344863731656,0.852528825995807,0.8715765271267226,0.0,0.8715765271267226,0.0,0.9218422431865828,0.921187106918239,716.0
binary,XGBoost,PGD-20-SNN,transfer,FGSM-SNN,0.2,0.9176493710691824,0.915356394129979,0.002292976939203356,0.10508385744234801,0.9998689727463312,0.8947851153039833,0.9129379431666171,0.0,0.9129379431666171,0.0,0.9218422431865828,0.921187106918239,716.0
binary,XGBoost,PGD-20-SNN,transfer,FGSM-SNN,0.3,0.9176493710691824,0.915356394129979,0.002292976939203356,0.08510220125786164,0.9999344863731656,0.914832285115304,0.9264004788917043,0.0,0.9264004788917043,0.0,0.9218422431865828,0.921187106918239,716.0
binary,XGBoost,PGD-20-SNN,transfer,PGD-10-SNN,0.05,0.9176493710691824,0.915356394129979,0.002292976939203356,0.29009433962264153,0.9815251572327044,0.6914308176100629,0.6276925816974412,0.00032591869897837314,0.6276925816974412,0.00032591869897837314,0.9218422431865828,0.921187106918239,716.0
binary,XGBoost,PGD-20-SNN,transfer,PGD-10-SNN,0.1,0.9176493710691824,0.915356394129979,0.002292976939203356,0.14000262054507337,0.9997379454926625,0.8597353249475891,0.8367970140431298,0.0002184842340020087,0.8367970140431298,0.0002184842340020087,0.9218422431865828,0.921187106918239,716.0
binary,XGBoost,PGD-20-SNN,transfer,PGD-10-SNN,0.2,0.9176493710691824,0.915356394129979,0.002292976939203356,0.12729297693920336,0.9996069182389937,0.8723139412997903,0.8376437668609017,0.0004333531639547375,0.8376437668609017,0.0004333531639547375,0.9218422431865828,0.921187106918239,716.0
binary,XGBoost,PGD-20-SNN,transfer,PGD-10-SNN,0.3,0.9176493710691824,0.915356394129979,0.002292976939203356,0.15611897274633124,0.9994103773584906,0.8432914046121593,0.8001477513293882,0.0007628871669823906,0.8001477513293882,0.0007628871669823906,0.9218422431865828,0.921187106918239,716.0
binary,XGBoost,PGD-20-SNN,transfer,PGD-20-SNN,0.05,0.9176493710691824,0.915356394129979,0.002292976939203356,0.28256027253668764,0.9829664570230607,0.7004061844863732,0.6348052242638937,0.0,0.6348052242638937,0.0,0.9218422431865828,0.921187106918239,716.0
binary,XGBoost,PGD-20-SNN,transfer,PGD-20-SNN,0.1,0.9176493710691824,0.915356394129979,0.002292976939203356,0.13430293501048218,0.9997379454926625,0.8654350104821803,0.8419786503909124,0.00021650950860638187,0.8419786503909124,0.00021650950860638187,0.9218422431865828,0.921187106918239,716.0
binary,XGBoost,PGD-20-SNN,transfer,PGD-20-SNN,0.2,0.9176493710691824,0.915356394129979,0.002292976939203356,0.12657232704402516,0.999475890985325,0.8729035639412999,0.8372799422181536,0.0006534779766103993,0.8372799422181536,0.0006534779766103993,0.9218422431865828,0.921187106918239,716.0
binary,XGBoost,PGD-20-SNN,transfer,PGD-20-SNN,0.3,0.9176493710691824,0.915356394129979,0.002292976939203356,0.15906708595387842,0.9996069182389937,0.8405398322851154,0.7935155766657743,0.000542428207584755,0.7935155766657743,0.000542428207584755,0.9218422431865828,0.921187106918239,716.0
