task,fold,model,attack,epsilon,clean_acc,clean_f1,adv_acc,adv_f1,acc_drop,asr,evasion_asr,snn_agreement,num_classes,num_features,steps,alpha_factor,alpha,max_attempts,top_k,perturb_features,max_features
binary,1,RF,FGSM-SNN,0.05,0.8907232704402516,0.890636500388939,0.6346960167714885,0.5192645443907175,0.2560272536687631,0.036371603856266435,0.036371603856266435,0.9122117400419287,2,716,,,,,,,
binary,1,RF,PGD-10-SNN,0.05,0.8907232704402516,0.890636500388939,0.6422955974842768,0.561351492525691,0.2484276729559748,0.07186678352322524,0.07186678352322524,0.9122117400419287,2,716,10.0,10.0,0.03,,,,
binary,1,RF,PGD-20-SNN,0.05,0.8907232704402516,0.890636500388939,0.6556603773584906,0.5854896616878491,0.23506289308176098,0.07230499561787905,0.07230499561787905,0.9122117400419287,2,716,20.0,19.0,0.015789473684210527,,,,
binary,1,RF,BBA,0.05,0.8907232704402516,0.890636500388939,0.49292452830188677,0.4307584962827894,0.3977987421383648,0.1765994741454864,0.1765994741454864,0.9122117400419287,2,716,,,,170.0,280.0,200.0,
binary,1,RF,DBA-style,0.05,0.8907232704402516,0.890636500388939,0.8535115303983228,0.8529080777899926,0.03721174004192873,0.02322524101665206,0.02322524101665206,0.9122117400419287,2,716,,,,,,,175.0
binary,1,RF,FGSM-SNN,0.1,0.8907232704402516,0.890636500388939,0.5458595387840671,0.4783924633295401,0.34486373165618445,0.19894829097283084,0.19894829097283084,0.9122117400419287,2,716,,,,,,,
binary,1,RF,PGD-10-SNN,0.1,0.8907232704402516,0.890636500388939,0.5374737945492662,0.4693398494499804,0.3532494758909853,0.20946538124452235,0.20946538124452235,0.9122117400419287,2,716,10.0,10.0,0.03,,,,
binary,1,RF,PGD-20-SNN,0.1,0.8907232704402516,0.890636500388939,0.5385220125786163,0.4699648747393654,0.35220125786163525,0.2081507449605609,0.2081507449605609,0.9122117400419287,2,716,20.0,19.0,0.015789473684210527,,,,
binary,1,RF,BBA,0.1,0.8907232704402516,0.890636500388939,0.48139412997903563,0.42340201915014425,0.40932914046121593,0.19500438212094653,0.19500438212094653,0.9122117400419287,2,716,,,,170.0,280.0,200.0,
binary,1,RF,DBA-style,0.1,0.8907232704402516,0.890636500388939,0.8524633123689728,0.8518272394456722,0.0382599580712788,0.02366345311130587,0.02366345311130587,0.9122117400419287,2,716,,,,,,,175.0
binary,1,RF,FGSM-SNN,0.2,0.8907232704402516,0.890636500388939,0.554769392033543,0.493263540235234,0.33595387840670854,0.2011393514460999,0.2011393514460999,0.9122117400419287,2,716,,,,,,,
binary,1,RF,PGD-10-SNN,0.2,0.8907232704402516,0.890636500388939,0.5487421383647799,0.4807071348937981,0.34198113207547165,0.19851007887817704,0.19851007887817704,0.9122117400419287,2,716,10.0,10.0,0.03,,,,
binary,1,RF,PGD-20-SNN,0.2,0.8907232704402516,0.890636500388939,0.5529350104821803,0.4843921840401865,0.33778825995807127,0.19325153374233128,0.19325153374233128,0.9122117400419287,2,716,20.0,19.0,0.015789473684210527,,,,
binary,1,RF,BBA,0.2,0.8907232704402516,0.890636500388939,0.320230607966457,0.316035447163403,0.5704926624737945,0.4645048203330412,0.4645048203330412,0.9122117400419287,2,716,,,,170.0,280.0,200.0,
binary,1,RF,DBA-style,0.2,0.8907232704402516,0.890636500388939,0.8503668763102725,0.8497504694420138,0.040356394129979045,0.025854513584574933,0.025854513584574933,0.9122117400419287,2,716,,,,,,,175.0
binary,1,RF,FGSM-SNN,0.3,0.8907232704402516,0.890636500388939,0.5372117400419287,0.4850970790630794,0.35351153039832284,0.2357581069237511,0.2357581069237511,0.9122117400419287,2,716,,,,,,,
binary,1,RF,PGD-10-SNN,0.3,0.8907232704402516,0.890636500388939,0.5469077568134172,0.4815672892708229,0.3438155136268344,0.2042068361086766,0.2042068361086766,0.9122117400419287,2,716,10.0,10.0,0.03,,,,
binary,1,RF,PGD-20-SNN,0.3,0.8907232704402516,0.890636500388939,0.5524109014675053,0.48689540040253,0.3383123689727463,0.19763365468886943,0.19763365468886943,0.9122117400419287,2,716,20.0,19.0,0.015789473684210527,,,,
binary,1,RF,BBA,0.3,0.8907232704402516,0.890636500388939,0.23453878406708595,0.247532760429113,0.6561844863731656,0.6078001752848379,0.6078001752848379,0.9122117400419287,2,716,,,,170.0,280.0,200.0,
binary,1,RF,DBA-style,0.3,0.8907232704402516,0.890636500388939,0.8490566037735849,0.8484492345629523,0.04166666666666663,0.02716914986853637,0.02716914986853637,0.9122117400419287,2,716,,,,,,,175.0
binary,1,DT,FGSM-SNN,0.05,0.875,0.8754490231880946,0.714622641509434,0.7126031362995948,0.160377358490566,0.1540880503144654,0.1540880503144654,0.9137840670859538,2,716,,,,,,,
binary,1,DT,PGD-10-SNN,0.05,0.875,0.8754490231880946,0.6886792452830188,0.6871261778634389,0.18632075471698117,0.18194070080862534,0.18194070080862534,0.9137840670859538,2,716,10.0,3.0,0.1,,,,
binary,1,DT,PGD-20-SNN,0.05,0.875,0.8754490231880946,0.6884171907756813,0.6870138617037314,0.1865828092243187,0.18418688230008984,0.18418688230008984,0.9137840670859538,2,716,20.0,9.5,0.031578947368421054,,,,
binary,1,DT,BBA,0.05,0.875,0.8754490231880946,0.18815513626834382,0.20659493949880312,0.6868448637316562,0.6819407008086253,0.6819407008086253,0.9137840670859538,2,716,,,,80.0,160.0,115.0,
binary,1,DT,DBA-style,0.05,0.875,0.8754490231880946,0.29952830188679247,0.3145639842353369,0.5754716981132075,0.6491464510332435,0.6491464510332435,0.9137840670859538,2,716,,,,,,,105.0
binary,1,DT,FGSM-SNN,0.1,0.875,0.8754490231880946,0.6488469601677149,0.6462548194225762,0.22615303983228507,0.20844564240790656,0.20844564240790656,0.9137840670859538,2,716,,,,,,,
binary,1,DT,PGD-10-SNN,0.1,0.875,0.8754490231880946,0.5809748427672956,0.5712356962166577,0.2940251572327044,0.24123989218328842,0.24123989218328842,0.9137840670859538,2,716,10.0,3.0,0.1,,,,
binary,1,DT,PGD-20-SNN,0.1,0.875,0.8754490231880946,0.5859538784067087,0.5750676713687559,0.28904612159329135,0.2362982929020665,0.2362982929020665,0.9137840670859538,2,716,20.0,9.5,0.031578947368421054,,,,
binary,1,DT,BBA,0.1,0.875,0.8754490231880946,0.08569182389937106,0.10283846208729736,0.789308176100629,0.8530997304582211,0.8530997304582211,0.9137840670859538,2,716,,,,80.0,160.0,115.0,
binary,1,DT,DBA-style,0.1,0.875,0.8754490231880946,0.26022012578616355,0.2730228040376781,0.6147798742138364,0.7120395327942498,0.7120395327942498,0.9137840670859538,2,716,,,,,,,105.0
binary,1,DT,FGSM-SNN,0.2,0.875,0.8754490231880946,0.52541928721174,0.5355525141257873,0.34958071278826,0.4119496855345912,0.4119496855345912,0.9137840670859538,2,716,,,,,,,
binary,1,DT,PGD-10-SNN,0.2,0.875,0.8754490231880946,0.5820230607966457,0.5889317939117322,0.2929769392033543,0.34860736747529203,0.34860736747529203,0.9137840670859538,2,716,10.0,3.0,0.1,,,,
binary,1,DT,PGD-20-SNN,0.2,0.875,0.8754490231880946,0.5524109014675053,0.5580867767351887,0.32258909853249473,0.35489667565139266,0.35489667565139266,0.9137840670859538,2,716,20.0,9.5,0.031578947368421054,,,,
binary,1,DT,BBA,0.2,0.875,0.8754490231880946,0.07075471698113207,0.08609702712437314,0.8042452830188679,0.8787061994609164,0.8787061994609164,0.9137840670859538,2,716,,,,80.0,160.0,115.0,
binary,1,DT,DBA-style,0.2,0.875,0.8754490231880946,0.18553459119496854,0.19676269076141442,0.6894654088050315,0.793351302785265,0.793351302785265,0.9137840670859538,2,716,,,,,,,105.0
binary,1,DT,FGSM-SNN,0.3,0.875,0.8754490231880946,0.3729035639412998,0.3769107578246393,0.5020964360587001,0.6900269541778976,0.6900269541778976,0.9137840670859538,2,716,,,,,,,
binary,1,DT,PGD-10-SNN,0.3,0.875,0.8754490231880946,0.470125786163522,0.4809022311524518,0.404874213836478,0.5646900269541779,0.5646900269541779,0.9137840670859538,2,716,10.0,3.0,0.1,,,,
binary,1,DT,PGD-20-SNN,0.3,0.875,0.8754490231880946,0.4460167714884696,0.4574715327457916,0.4289832285115304,0.5772686433063792,0.5772686433063792,0.9137840670859538,2,716,20.0,9.5,0.031578947368421054,,,,
binary,1,DT,BBA,0.3,0.875,0.8754490231880946,0.06656184486373165,0.08131338886055867,0.8084381551362684,0.8858939802336029,0.8858939802336029,0.9137840670859538,2,716,,,,80.0,160.0,115.0,
binary,1,DT,DBA-style,0.3,0.875,0.8754490231880946,0.1637840670859539,0.1754390221111612,0.7112159329140462,0.8113207547169812,0.8113207547169812,0.9137840670859538,2,716,,,,,,,105.0
binary,1,XGBoost,FGSM-SNN,0.05,0.899895178197065,0.9003414834346376,0.32154088050314467,0.31715027160299797,0.5783542976939203,0.5264550264550265,0.5264550264550265,0.9185010482180294,2,716,,,,,,,
binary,1,XGBoost,PGD-10-SNN,0.05,0.899895178197065,0.9003414834346376,0.3283542976939203,0.3223538962248402,0.5715408805031447,0.5233686067019401,0.5233686067019401,0.9185010482180294,2,716,10.0,8.0,0.0375,,,,
binary,1,XGBoost,PGD-20-SNN,0.05,0.899895178197065,0.9003414834346376,0.3283542976939203,0.3223538962248402,0.5715408805031447,0.5242504409171076,0.5242504409171076,0.9185010482180294,2,716,20.0,15.5,0.01935483870967742,,,,
binary,1,XGBoost,BBA,0.05,0.899895178197065,0.9003414834346376,0.19942348008385744,0.21663393991193777,0.7004716981132075,0.6644620811287478,0.6644620811287478,0.9185010482180294,2,716,,,,170.0,170.0,165.0,
binary,1,XGBoost,DBA-style,0.05,0.899895178197065,0.9003414834346376,0.60062893081761,0.5801549759402124,0.29926624737945495,0.15167548500881833,0.15167548500881833,0.9185010482180294,2,716,,,,,,,160.0
binary,1,XGBoost,FGSM-SNN,0.1,0.899895178197065,0.9003414834346376,0.28459119496855345,0.2886551247212664,0.6153039832285115,0.5895061728395061,0.5895061728395061,0.9185010482180294,2,716,,,,,,,
binary,1,XGBoost,PGD-10-SNN,0.1,0.899895178197065,0.9003414834346376,0.3121069182389937,0.31005409014975854,0.5877882599580713,0.5564373897707231,0.5564373897707231,0.9185010482180294,2,716,10.0,8.0,0.0375,,,,
binary,1,XGBoost,PGD-20-SNN,0.1,0.899895178197065,0.9003414834346376,0.31158280922431864,0.3096568679941558,0.5883123689727463,0.5568783068783069,0.5568783068783069,0.9185010482180294,2,716,20.0,15.5,0.01935483870967742,,,,
binary,1,XGBoost,BBA,0.1,0.899895178197065,0.9003414834346376,0.12211740041928722,0.14179535611506214,0.7777777777777778,0.7945326278659612,0.7945326278659612,0.9185010482180294,2,716,,,,170.0,170.0,165.0,
binary,1,XGBoost,DBA-style,0.1,0.899895178197065,0.9003414834346376,0.5993186582809225,0.5785675998616387,0.30057651991614254,0.15211640211640212,0.15211640211640212,0.9185010482180294,2,716,,,,,,,160.0
binary,1,XGBoost,FGSM-SNN,0.2,0.899895178197065,0.9003414834346376,0.31341719077568136,0.31104576008860957,0.5864779874213837,0.544973544973545,0.544973544973545,0.9185010482180294,2,716,,,,,,,
binary,1,XGBoost,PGD-10-SNN,0.2,0.899895178197065,0.9003414834346376,0.344601677148847,0.3339231219614241,0.5552935010482181,0.5074955908289241,0.5074955908289241,0.9185010482180294,2,716,10.0,8.0,0.0375,,,,
binary,1,XGBoost,PGD-20-SNN,0.2,0.899895178197065,0.9003414834346376,0.34564989517819705,0.3346779510858804,0.554245283018868,0.5066137566137566,0.5066137566137566,0.9185010482180294,2,716,20.0,15.5,0.01935483870967742,,,,
binary,1,XGBoost,BBA,0.2,0.899895178197065,0.9003414834346376,0.02017819706498952,0.0257708697167038,0.8797169811320755,0.9660493827160493,0.9660493827160493,0.9185010482180294,2,716,,,,170.0,170.0,165.0,
binary,1,XGBoost,DBA-style,0.2,0.899895178197065,0.9003414834346376,0.5990566037735849,0.578080954230283,0.30083857442348005,0.15167548500881833,0.15167548500881833,0.9185010482180294,2,716,,,,,,,160.0
binary,1,XGBoost,FGSM-SNN,0.3,0.899895178197065,0.9003414834346376,0.31341719077568136,0.31143239109065984,0.5864779874213837,0.5445326278659612,0.5445326278659612,0.9185010482180294,2,716,,,,,,,
binary,1,XGBoost,PGD-10-SNN,0.3,0.899895178197065,0.9003414834346376,0.33962264150943394,0.33047225255180107,0.5602725366876311,0.5132275132275133,0.5132275132275133,0.9185010482180294,2,716,10.0,8.0,0.0375,,,,
binary,1,XGBoost,PGD-20-SNN,0.3,0.899895178197065,0.9003414834346376,0.3422431865828092,0.3323732340009047,0.5576519916142557,0.5105820105820106,0.5105820105820106,0.9185010482180294,2,716,20.0,15.5,0.01935483870967742,,,,
binary,1,XGBoost,BBA,0.3,0.899895178197065,0.9003414834346376,0.00890985324947589,0.011506439053608866,0.8909853249475891,0.9850088183421517,0.9850088183421517,0.9185010482180294,2,716,,,,170.0,170.0,165.0,
binary,1,XGBoost,DBA-style,0.3,0.899895178197065,0.9003414834346376,0.5977463312368972,0.576913842895759,0.30214884696016775,0.15343915343915343,0.15343915343915343,0.9185010482180294,2,716,,,,,,,160.0
binary,1,LightGBM,FGSM-SNN,0.05,0.8964884696016772,0.8971150665165546,0.5605345911949685,0.48042743578351593,0.33595387840670865,0.1692581075077743,0.1692581075077743,0.9428721174004193,2,716,,,,,,,
binary,1,LightGBM,PGD-10-SNN,0.05,0.8964884696016772,0.8971150665165546,0.559748427672956,0.4764289176712893,0.3367400419287212,0.16659262549977788,0.16659262549977788,0.9428721174004193,2,716,10.0,3.0,0.1,,,,
binary,1,LightGBM,PGD-20-SNN,0.05,0.8964884696016772,0.8971150665165546,0.5589622641509434,0.4759850297266359,0.33752620545073375,0.1679253665037761,0.1679253665037761,0.9428721174004193,2,716,20.0,17.0,0.01764705882352941,,,,
binary,1,LightGBM,BBA,0.05,0.8964884696016772,0.8971150665165546,0.2940251572327044,0.296049631786352,0.6024633123689728,0.5015548645046646,0.5015548645046646,0.9428721174004193,2,716,,,,200.0,130.0,120.0,
binary,1,LightGBM,DBA-style,0.05,0.8964884696016772,0.8971150665165546,0.5047169811320755,0.44576417871597046,0.39177148846960164,0.1581519324744558,0.1581519324744558,0.9428721174004193,2,716,,,,,,,35.0
binary,1,LightGBM,FGSM-SNN,0.1,0.8964884696016772,0.8971150665165546,0.40461215932914046,0.38097816832500275,0.4918763102725367,0.43047534429142603,0.43047534429142603,0.9428721174004193,2,716,,,,,,,
binary,1,LightGBM,PGD-10-SNN,0.1,0.8964884696016772,0.8971150665165546,0.5500524109014675,0.46506512221692914,0.34643605870020966,0.17503331852509996,0.17503331852509996,0.9428721174004193,2,716,10.0,3.0,0.1,,,,
binary,1,LightGBM,PGD-20-SNN,0.1,0.8964884696016772,0.8971150665165546,0.5469077568134172,0.4629972539860248,0.34958071278826,0.1799200355397601,0.1799200355397601,0.9428721174004193,2,716,20.0,17.0,0.01764705882352941,,,,
binary,1,LightGBM,BBA,0.1,0.8964884696016772,0.8971150665165546,0.11425576519916142,0.13360293146054342,0.7822327044025157,0.8063083074189249,0.8063083074189249,0.9428721174004193,2,716,,,,200.0,130.0,120.0,
binary,1,LightGBM,DBA-style,0.1,0.8964884696016772,0.8971150665165546,0.5023584905660378,0.44433545478750647,0.3941299790356394,0.16215015548645045,0.16215015548645045,0.9428721174004193,2,716,,,,,,,35.0
binary,1,LightGBM,FGSM-SNN,0.2,0.8964884696016772,0.8971150665165546,0.38941299790356393,0.37185187935037134,0.5070754716981132,0.4597956463793869,0.4597956463793869,0.9428721174004193,2,716,,,,,,,
binary,1,LightGBM,PGD-10-SNN,0.2,0.8964884696016772,0.8971150665165546,0.620020964360587,0.5029105340784347,0.2764675052410902,0.05775211017325633,0.05775211017325633,0.9428721174004193,2,716,10.0,3.0,0.1,,,,
binary,1,LightGBM,PGD-20-SNN,0.2,0.8964884696016772,0.8971150665165546,0.6011530398322851,0.5007963421154271,0.2953354297693921,0.0986228342958685,0.0986228342958685,0.9428721174004193,2,716,20.0,17.0,0.01764705882352941,,,,
binary,1,LightGBM,BBA,0.2,0.8964884696016772,0.8971150665165546,0.02358490566037736,0.030021544020326734,0.8729035639412998,0.9600177698800533,0.9600177698800533,0.9428721174004193,2,716,,,,200.0,130.0,120.0,
binary,1,LightGBM,DBA-style,0.2,0.8964884696016772,0.8971150665165546,0.4968553459119497,0.44098648845902433,0.3996331236897275,0.17147934251443803,0.17147934251443803,0.9428721174004193,2,716,,,,,,,35.0
binary,1,LightGBM,FGSM-SNN,0.3,0.8964884696016772,0.8971150665165546,0.389937106918239,0.372050324082088,0.5065513626834381,0.458018658374056,0.458018658374056,0.9428721174004193,2,716,,,,,,,
binary,1,LightGBM,PGD-10-SNN,0.3,0.8964884696016772,0.8971150665165546,0.6291928721174004,0.5138855104755745,0.2672955974842768,0.04886717014660151,0.04886717014660151,0.9428721174004193,2,716,10.0,3.0,0.1,,,,
binary,1,LightGBM,PGD-20-SNN,0.3,0.8964884696016772,0.8971150665165546,0.560796645702306,0.4815291750650843,0.33569182389937113,0.17147934251443803,0.17147934251443803,0.9428721174004193,2,716,20.0,17.0,0.01764705882352941,,,,
binary,1,LightGBM,BBA,0.3,0.8964884696016772,0.8971150665165546,0.010744234800838574,0.013850229564368523,0.8857442348008386,0.9817858729453576,0.9817858729453576,0.9428721174004193,2,716,,,,200.0,130.0,120.0,
binary,1,LightGBM,DBA-style,0.3,0.8964884696016772,0.8971150665165546,0.4968553459119497,0.44098648845902433,0.3996331236897275,0.17147934251443803,0.17147934251443803,0.9428721174004193,2,716,,,,,,,35.0
binary,2,RF,FGSM-SNN,0.05,0.8970125786163522,0.8969673353197013,0.6181865828092243,0.5084577891460905,0.27882599580712786,0.0549738219895288,0.0549738219895288,0.9179769392033543,2,716,,,,,,,
binary,2,RF,PGD-10-SNN,0.05,0.8970125786163522,0.8969673353197013,0.6079664570230608,0.49671379538973487,0.28904612159329135,0.06108202443280977,0.06108202443280977,0.9179769392033543,2,716,10.0,10.0,0.03,,,,
binary,2,RF,PGD-20-SNN,0.05,0.8970125786163522,0.8969673353197013,0.6079664570230608,0.4971148101008079,0.28904612159329135,0.061518324607329845,0.061518324607329845,0.9179769392033543,2,716,20.0,19.0,0.015789473684210527,,,,
binary,2,RF,BBA,0.05,0.8970125786163522,0.8969673353197013,0.46829140461215935,0.41684077853121476,0.42872117400419285,0.22251308900523561,0.22251308900523561,0.9179769392033543,2,716,,,,170.0,280.0,200.0,
binary,2,RF,DBA-style,0.05,0.8970125786163522,0.8969673353197013,0.8532494758909853,0.8523730220349863,0.043763102725366876,0.02356020942408377,0.02356020942408377,0.9179769392033543,2,716,,,,,,,175.0
binary,2,RF,FGSM-SNN,0.1,0.8970125786163522,0.8969673353197013,0.5531970649895178,0.4801551790253156,0.3438155136268344,0.17539267015706805,0.17539267015706805,0.9179769392033543,2,716,,,,,,,
binary,2,RF,PGD-10-SNN,0.1,0.8970125786163522,0.8969673353197013,0.5411425576519916,0.4746879725535221,0.3558700209643606,0.2006980802792321,0.2006980802792321,0.9179769392033543,2,716,10.0,10.0,0.03,,,,
binary,2,RF,PGD-20-SNN,0.1,0.8970125786163522,0.8969673353197013,0.5400943396226415,0.4743356320692364,0.35691823899371067,0.20287958115183247,0.20287958115183247,0.9179769392033543,2,716,20.0,19.0,0.015789473684210527,,,,
binary,2,RF,BBA,0.1,0.8970125786163522,0.8969673353197013,0.4643605870020964,0.4131712309546212,0.43265199161425577,0.2268760907504363,0.2268760907504363,0.9179769392033543,2,716,,,,170.0,280.0,200.0,
binary,2,RF,DBA-style,0.1,0.8970125786163522,0.8969673353197013,0.8532494758909853,0.8523730220349863,0.043763102725366876,0.02356020942408377,0.02356020942408377,0.9179769392033543,2,716,,,,,,,175.0
binary,2,RF,FGSM-SNN,0.2,0.8970125786163522,0.8969673353197013,0.600104821802935,0.5173482955307802,0.2969077568134172,0.10907504363001745,0.10907504363001745,0.9179769392033543,2,716,,,,,,,
binary,2,RF,PGD-10-SNN,0.2,0.8970125786163522,0.8969673353197013,0.5466457023060797,0.48388194671932605,0.3503668763102725,0.1950261780104712,0.1950261780104712,0.9179769392033543,2,716,10.0,10.0,0.03,,,,
binary,2,RF,PGD-20-SNN,0.2,0.8970125786163522,0.8969673353197013,0.549266247379455,0.4852317166586034,0.34774633123689724,0.19153577661431065,0.19153577661431065,0.9179769392033543,2,716,20.0,19.0,0.015789473684210527,,,,
binary,2,RF,BBA,0.2,0.8970125786163522,0.8969673353197013,0.4226939203354298,0.3871125754112648,0.4743186582809224,0.2962478184991274,0.2962478184991274,0.9179769392033543,2,716,,,,170.0,280.0,200.0,
binary,2,RF,DBA-style,0.2,0.8970125786163522,0.8969673353197013,0.8516771488469602,0.8508500090631057,0.04533542976939198,0.02574171029668412,0.02574171029668412,0.9179769392033543,2,716,,,,,,,175.0
binary,2,RF,FGSM-SNN,0.3,0.8970125786163522,0.8969673353197013,0.6176624737945493,0.529503820659947,0.2793501048218029,0.08376963350785341,0.08376963350785341,0.9179769392033543,2,716,,,,,,,
binary,2,RF,PGD-10-SNN,0.3,0.8970125786163522,0.8969673353197013,0.5455974842767296,0.4821427607630399,0.3514150943396226,0.19284467713787085,0.19284467713787085,0.9179769392033543,2,716,10.0,10.0,0.03,,,,
binary,2,RF,PGD-20-SNN,0.3,0.8970125786163522,0.8969673353197013,0.5455974842767296,0.48186867451611964,0.3514150943396226,0.19240837696335078,0.19240837696335078,0.9179769392033543,2,716,20.0,19.0,0.015789473684210527,,,,
binary,2,RF,BBA,0.3,0.8970125786163522,0.8969673353197013,0.2879979035639413,0.2913378589053746,0.6090146750524109,0.5205061082024433,0.5205061082024433,0.9179769392033543,2,716,,,,170.0,280.0,200.0,
binary,2,RF,DBA-style,0.3,0.8970125786163522,0.8969673353197013,0.8508909853249476,0.850044750091002,0.04612159329140464,0.02617801047120419,0.02617801047120419,0.9179769392033543,2,716,,,,,,,175.0
binary,2,DT,FGSM-SNN,0.05,0.8663522012578616,0.8673453366259729,0.5461215932914046,0.5555877687266074,0.32023060796645697,0.3663003663003663,0.3663003663003663,0.8985849056603774,2,716,,,,,,,
binary,2,DT,PGD-10-SNN,0.05,0.8663522012578616,0.8673453366259729,0.4368448637316562,0.44382379329333704,0.4295073375262054,0.4125457875457875,0.4125457875457875,0.8985849056603774,2,716,10.0,3.0,0.1,,,,
binary,2,DT,PGD-20-SNN,0.05,0.8663522012578616,0.8673453366259729,0.4371069182389937,0.443649760716149,0.4292452830188679,0.4116300366300366,0.4116300366300366,0.8985849056603774,2,716,20.0,9.5,0.031578947368421054,,,,
binary,2,DT,BBA,0.05,0.8663522012578616,0.8673453366259729,0.17138364779874213,0.19070798735540448,0.6949685534591195,0.7032967032967034,0.7032967032967034,0.8985849056603774,2,716,,,,80.0,160.0,115.0,
binary,2,DT,DBA-style,0.05,0.8663522012578616,0.8673453366259729,0.1750524109014675,0.1865086555430021,0.6912997903563941,0.7980769230769231,0.7980769230769231,0.8985849056603774,2,716,,,,,,,105.0
binary,2,DT,FGSM-SNN,0.1,0.8663522012578616,0.8673453366259729,0.44287211740041926,0.45386406072782914,0.42348008385744235,0.5544871794871795,0.5544871794871795,0.8985849056603774,2,716,,,,,,,
binary,2,DT,PGD-10-SNN,0.1,0.8663522012578616,0.8673453366259729,0.3886268343815514,0.39427096317307414,0.47772536687631023,0.6501831501831502,0.6501831501831502,0.8985849056603774,2,716,10.0,3.0,0.1,,,,
binary,2,DT,PGD-20-SNN,0.1,0.8663522012578616,0.8673453366259729,0.3781446540880503,0.38433947028110915,0.4882075471698113,0.6565934065934066,0.6565934065934066,0.8985849056603774,2,716,20.0,9.5,0.031578947368421054,,,,
binary,2,DT,BBA,0.1,0.8663522012578616,0.8673453366259729,0.0649895178197065,0.07916140670545946,0.8013626834381551,0.8882783882783882,0.8882783882783882,0.8985849056603774,2,716,,,,80.0,160.0,115.0,
binary,2,DT,DBA-style,0.1,0.8663522012578616,0.8673453366259729,0.12578616352201258,0.1377488470630996,0.7405660377358491,0.842032967032967,0.842032967032967,0.8985849056603774,2,716,,,,,,,105.0
binary,2,DT,FGSM-SNN,0.2,0.8663522012578616,0.8673453366259729,0.3359538784067086,0.3321571479024168,0.5303983228511531,0.7413003663003663,0.7413003663003663,0.8985849056603774,2,716,,,,,,,
binary,2,DT,PGD-10-SNN,0.2,0.8663522012578616,0.8673453366259729,0.2691299790356394,0.272169909516287,0.5972222222222222,0.7596153846153846,0.7596153846153846,0.8985849056603774,2,716,10.0,3.0,0.1,,,,
binary,2,DT,PGD-20-SNN,0.2,0.8663522012578616,0.8673453366259729,0.2693920335429769,0.27237830993864337,0.5969601677148847,0.7596153846153846,0.7596153846153846,0.8985849056603774,2,716,20.0,9.5,0.031578947368421054,,,,
binary,2,DT,BBA,0.2,0.8663522012578616,0.8673453366259729,0.06184486373165619,0.07588663930745176,0.8045073375262054,0.891941391941392,0.891941391941392,0.8985849056603774,2,716,,,,80.0,160.0,115.0,
binary,2,DT,DBA-style,0.2,0.8663522012578616,0.8673453366259729,0.11713836477987422,0.12843559166252774,0.7492138364779874,0.8534798534798534,0.8534798534798534,0.8985849056603774,2,716,,,,,,,105.0
binary,2,DT,FGSM-SNN,0.3,0.8663522012578616,0.8673453366259729,0.41535639412997905,0.41956053305393565,0.45099580712788256,0.6391941391941391,0.6391941391941391,0.8985849056603774,2,716,,,,,,,
binary,2,DT,PGD-10-SNN,0.3,0.8663522012578616,0.8673453366259729,0.27568134171907754,0.2925438983596967,0.5906708595387841,0.6474358974358975,0.6474358974358975,0.8985849056603774,2,716,10.0,3.0,0.1,,,,
binary,2,DT,PGD-20-SNN,0.3,0.8663522012578616,0.8673453366259729,0.3128930817610063,0.3275605072637352,0.5534591194968553,0.6437728937728938,0.6437728937728938,0.8985849056603774,2,716,20.0,9.5,0.031578947368421054,,,,
binary,2,DT,BBA,0.3,0.8663522012578616,0.8673453366259729,0.06184486373165619,0.07588663930745176,0.8045073375262054,0.891941391941392,0.891941391941392,0.8985849056603774,2,716,,,,80.0,160.0,115.0,
binary,2,DT,DBA-style,0.3,0.8663522012578616,0.8673453366259729,0.11373165618448637,0.12483457327022054,0.7526205450733753,0.8576007326007326,0.8576007326007326,0.8985849056603774,2,716,,,,,,,105.0
binary,2,XGBoost,FGSM-SNN,0.05,0.8964884696016772,0.8969899932280366,0.37735849056603776,0.3718611610914765,0.5191299790356394,0.44311642319610445,0.44311642319610445,0.9221698113207547,2,716,,,,,,,
binary,2,XGBoost,PGD-10-SNN,0.05,0.8964884696016772,0.8969899932280366,0.40356394129979034,0.3875588149955046,0.4929245283018868,0.3806994245241257,0.3806994245241257,0.9221698113207547,2,716,10.0,8.0,0.0375,,,,
binary,2,XGBoost,PGD-20-SNN,0.05,0.8964884696016772,0.8969899932280366,0.4059224318658281,0.38973755491480166,0.49056603773584906,0.37804338202744575,0.37804338202744575,0.9221698113207547,2,716,20.0,15.5,0.01935483870967742,,,,
binary,2,XGBoost,BBA,0.05,0.8964884696016772,0.8969899932280366,0.20361635220125787,0.22041813697902332,0.6928721174004193,0.6560424966799469,0.6560424966799469,0.9221698113207547,2,716,,,,170.0,170.0,165.0,
binary,2,XGBoost,DBA-style,0.05,0.8964884696016772,0.8969899932280366,0.5662997903563941,0.5429194627112058,0.33018867924528306,0.17397078353253653,0.17397078353253653,0.9221698113207547,2,716,,,,,,,160.0
binary,2,XGBoost,FGSM-SNN,0.1,0.8964884696016772,0.8969899932280366,0.26153039832285113,0.2733607213788386,0.6349580712788261,0.6122177954847278,0.6122177954847278,0.9221698113207547,2,716,,,,,,,
binary,2,XGBoost,PGD-10-SNN,0.1,0.8964884696016772,0.8969899932280366,0.2240566037735849,0.240218447072728,0.6724318658280922,0.6542718016821603,0.6542718016821603,0.9221698113207547,2,716,10.0,8.0,0.0375,,,,
binary,2,XGBoost,PGD-20-SNN,0.1,0.8964884696016772,0.8969899932280366,0.22431865828092243,0.24074405142923505,0.6721698113207547,0.6555998229305002,0.6555998229305002,0.9221698113207547,2,716,20.0,15.5,0.01935483870967742,,,,
binary,2,XGBoost,BBA,0.1,0.8964884696016772,0.8969899932280366,0.07127882599580712,0.08669234903403938,0.82520964360587,0.879592740150509,0.879592740150509,0.9221698113207547,2,716,,,,170.0,170.0,165.0,
binary,2,XGBoost,DBA-style,0.1,0.8964884696016772,0.8969899932280366,0.5657756813417191,0.5423670995241499,0.3307127882599581,0.17441345728198318,0.17441345728198318,0.9221698113207547,2,716,,,,,,,160.0
binary,2,XGBoost,FGSM-SNN,0.2,0.8964884696016772,0.8969899932280366,0.2811844863731656,0.28697960563443425,0.6153039832285115,0.5630810092961488,0.5630810092961488,0.9221698113207547,2,716,,,,,,,
binary,2,XGBoost,PGD-10-SNN,0.2,0.8964884696016772,0.8969899932280366,0.1388888888888889,0.15878125670369436,0.7575995807127882,0.7746790615316512,0.7746790615316512,0.9221698113207547,2,716,10.0,8.0,0.0375,,,,
binary,2,XGBoost,PGD-20-SNN,0.2,0.8964884696016772,0.8969899932280366,0.14177148846960166,0.1617449347942021,0.7547169811320755,0.7667109340416113,0.7667109340416113,0.9221698113207547,2,716,20.0,15.5,0.01935483870967742,,,,
binary,2,XGBoost,BBA,0.2,0.8964884696016772,0.8969899932280366,0.008385744234800839,0.010835218382388193,0.8881027253668763,0.9858344400177069,0.9858344400177069,0.9221698113207547,2,716,,,,170.0,170.0,165.0,
binary,2,XGBoost,DBA-style,0.2,0.8964884696016772,0.8969899932280366,0.5628930817610063,0.5398715651734113,0.3335953878406709,0.1783975210270031,0.1783975210270031,0.9221698113207547,2,716,,,,,,,160.0
binary,2,XGBoost,FGSM-SNN,0.3,0.8964884696016772,0.8969899932280366,0.2911425576519916,0.29511604751423653,0.6053459119496856,0.5444887118193891,0.5444887118193891,0.9221698113207547,2,716,,,,,,,
binary,2,XGBoost,PGD-10-SNN,0.3,0.8964884696016772,0.8969899932280366,0.13286163522012578,0.15263247047004072,0.7636268343815513,0.7861885790172642,0.7861885790172642,0.9221698113207547,2,716,10.0,8.0,0.0375,,,,
binary,2,XGBoost,PGD-20-SNN,0.3,0.8964884696016772,0.8969899932280366,0.12159329140461216,0.1410615156484611,0.774895178197065,0.8021248339973439,0.8021248339973439,0.9221698113207547,2,716,20.0,15.5,0.01935483870967742,,,,
binary,2,XGBoost,BBA,0.3,0.8964884696016772,0.8969899932280366,0.0041928721174004195,0.005440229688860878,0.8922955974842768,0.9929172200088535,0.9929172200088535,0.9221698113207547,2,716,,,,170.0,170.0,165.0,
binary,2,XGBoost,DBA-style,0.3,0.8964884696016772,0.8969899932280366,0.5610587002096437,0.5384796141415902,0.3354297693920335,0.1814962372731297,0.1814962372731297,0.9221698113207547,2,716,,,,,,,160.0
binary,2,LightGBM,FGSM-SNN,0.05,0.8959643605870021,0.8965941301444865,0.5419287211740041,0.45958468371915917,0.354035639412998,0.17155555555555554,0.17155555555555554,0.9418238993710691,2,716,,,,,,,
binary,2,LightGBM,PGD-10-SNN,0.05,0.8959643605870021,0.8965941301444865,0.5864779874213837,0.48395299986051515,0.30948637316561844,0.08577777777777777,0.08577777777777777,0.9418238993710691,2,716,10.0,3.0,0.1,,,,
binary,2,LightGBM,PGD-20-SNN,0.05,0.8959643605870021,0.8965941301444865,0.584643605870021,0.48336442306617383,0.3113207547169812,0.08933333333333333,0.08933333333333333,0.9418238993710691,2,716,20.0,17.0,0.01764705882352941,,,,
binary,2,LightGBM,BBA,0.05,0.8959643605870021,0.8965941301444865,0.25943396226415094,0.26839485234651655,0.6365303983228512,0.56,0.56,0.9418238993710691,2,716,,,,200.0,130.0,120.0,
binary,2,LightGBM,DBA-style,0.05,0.8959643605870021,0.8965941301444865,0.47562893081761004,0.42564154606475535,0.4203354297693921,0.2031111111111111,0.2031111111111111,0.9418238993710691,2,716,,,,,,,35.0
binary,2,LightGBM,FGSM-SNN,0.1,0.8959643605870021,0.8965941301444865,0.4305555555555556,0.3932661568442974,0.46540880503144655,0.3626666666666667,0.3626666666666667,0.9418238993710691,2,716,,,,,,,
binary,2,LightGBM,PGD-10-SNN,0.1,0.8959643605870021,0.8965941301444865,0.609538784067086,0.5034455795707794,0.2864255765199162,0.06977777777777777,0.06977777777777777,0.9418238993710691,2,716,10.0,3.0,0.1,,,,
binary,2,LightGBM,PGD-20-SNN,0.1,0.8959643605870021,0.8965941301444865,0.6082285115303984,0.5031263638512774,0.28773584905660377,0.07511111111111111,0.07511111111111111,0.9418238993710691,2,716,20.0,17.0,0.01764705882352941,,,,
binary,2,LightGBM,BBA,0.1,0.8959643605870021,0.8965941301444865,0.0799266247379455,0.09643173457827346,0.8160377358490566,0.8644444444444445,0.8644444444444445,0.9418238993710691,2,716,,,,200.0,130.0,120.0,
binary,2,LightGBM,DBA-style,0.1,0.8959643605870021,0.8965941301444865,0.46802935010482183,0.42092010510080907,0.4279350104821803,0.216,0.216,0.9418238993710691,2,716,,,,,,,35.0
binary,2,LightGBM,FGSM-SNN,0.2,0.8959643605870021,0.8965941301444865,0.425314465408805,0.389894633625467,0.4706498951781971,0.37066666666666664,0.37066666666666664,0.9418238993710691,2,716,,,,,,,
binary,2,LightGBM,PGD-10-SNN,0.2,0.8959643605870021,0.8965941301444865,0.6079664570230608,0.49988782815308225,0.2879979035639413,0.07466666666666667,0.07466666666666667,0.9418238993710691,2,716,10.0,3.0,0.1,,,,
binary,2,LightGBM,PGD-20-SNN,0.2,0.8959643605870021,0.8965941301444865,0.5935534591194969,0.4888114878990921,0.30241090146750527,0.09111111111111111,0.09111111111111111,0.9418238993710691,2,716,20.0,17.0,0.01764705882352941,,,,
binary,2,LightGBM,BBA,0.2,0.8959643605870021,0.8965941301444865,0.006551362683438155,0.008480441359555977,0.889412997903564,0.9888888888888889,0.9888888888888889,0.9418238993710691,2,716,,,,200.0,130.0,120.0,
binary,2,LightGBM,DBA-style,0.2,0.8959643605870021,0.8965941301444865,0.4643605870020964,0.4186245451697631,0.4316037735849057,0.2222222222222222,0.2222222222222222,0.9418238993710691,2,716,,,,,,,35.0
binary,2,LightGBM,FGSM-SNN,0.3,0.8959643605870021,0.8965941301444865,0.44339622641509435,0.4104503786433233,0.4525681341719078,0.3582222222222222,0.3582222222222222,0.9418238993710691,2,716,,,,,,,
binary,2,LightGBM,PGD-10-SNN,0.3,0.8959643605870021,0.8965941301444865,0.6184486373165619,0.5025220459450869,0.2775157232704403,0.057777777777777775,0.057777777777777775,0.9418238993710691,2,716,10.0,3.0,0.1,,,,
binary,2,LightGBM,PGD-20-SNN,0.3,0.8959643605870021,0.8965941301444865,0.5759958071278826,0.48517561436468937,0.31996855345911956,0.12666666666666668,0.12666666666666668,0.9418238993710691,2,716,20.0,17.0,0.01764705882352941,,,,
binary,2,LightGBM,BBA,0.3,0.8959643605870021,0.8965941301444865,0.0018343815513626835,0.0023857036550811563,0.8941299790356394,0.9968888888888889,0.9968888888888889,0.9418238993710691,2,716,,,,200.0,130.0,120.0,
binary,2,LightGBM,DBA-style,0.3,0.8959643605870021,0.8965941301444865,0.4638364779874214,0.4182957359353048,0.43212788259958074,0.22311111111111112,0.22311111111111112,0.9418238993710691,2,716,,,,,,,35.0
binary,3,RF,FGSM-SNN,0.05,0.8943920335429769,0.8943827930904006,0.6147798742138365,0.5182084868602165,0.2796121593291404,0.07658643326039387,0.07658643326039387,0.9187631027253669,2,716,,,,,,,
binary,3,RF,PGD-10-SNN,0.05,0.8943920335429769,0.8943827930904006,0.6682389937106918,0.6081239693400597,0.22615303983228507,0.07483588621444201,0.07483588621444201,0.9187631027253669,2,716,10.0,10.0,0.03,,,,
binary,3,RF,PGD-20-SNN,0.05,0.8943920335429769,0.8943827930904006,0.6650943396226415,0.6004573122064906,0.2292976939203354,0.07045951859956236,0.07045951859956236,0.9187631027253669,2,716,20.0,19.0,0.015789473684210527,,,,
binary,3,RF,BBA,0.05,0.8943920335429769,0.8943827930904006,0.48165618448637315,0.42436949435286064,0.41273584905660377,0.19693654266958424,0.19693654266958424,0.9187631027253669,2,716,,,,170.0,280.0,200.0,
binary,3,RF,DBA-style,0.05,0.8943920335429769,0.8943827930904006,0.8490566037735849,0.8482148502126304,0.04533542976939198,0.024945295404814005,0.024945295404814005,0.9187631027253669,2,716,,,,,,,175.0
binary,3,RF,FGSM-SNN,0.1,0.8943920335429769,0.8943827930904006,0.485062893081761,0.4416696677535289,0.40932914046121593,0.2975929978118162,0.2975929978118162,0.9187631027253669,2,716,,,,,,,
binary,3,RF,PGD-10-SNN,0.1,0.8943920335429769,0.8943827930904006,0.4533542976939203,0.4195588812640983,0.4410377358490566,0.35404814004376367,0.35404814004376367,0.9187631027253669,2,716,10.0,10.0,0.03,,,,
binary,3,RF,PGD-20-SNN,0.1,0.8943920335429769,0.8943827930904006,0.45387840670859536,0.42052917908854875,0.44051362683438156,0.3536105032822757,0.3536105032822757,0.9187631027253669,2,716,20.0,19.0,0.015789473684210527,,,,
binary,3,RF,BBA,0.1,0.8943920335429769,0.8943827930904006,0.47327044025157233,0.41881579432734595,0.4211215932914046,0.2100656455142232,0.2100656455142232,0.9187631027253669,2,716,,,,170.0,280.0,200.0,
binary,3,RF,DBA-style,0.1,0.8943920335429769,0.8943827930904006,0.8464360587002097,0.8455189123437536,0.04795597484276726,0.0262582056892779,0.0262582056892779,0.9187631027253669,2,716,,,,,,,175.0
binary,3,RF,FGSM-SNN,0.2,0.8943920335429769,0.8943827930904006,0.4470649895178197,0.4222764239876522,0.4473270440251572,0.3768052516411379,0.3768052516411379,0.9187631027253669,2,716,,,,,,,
binary,3,RF,PGD-10-SNN,0.2,0.8943920335429769,0.8943827930904006,0.4979035639412998,0.45320985435007427,0.3964884696016771,0.2888402625820569,0.2888402625820569,0.9187631027253669,2,716,10.0,10.0,0.03,,,,
binary,3,RF,PGD-20-SNN,0.2,0.8943920335429769,0.8943827930904006,0.5031446540880503,0.45707301133005196,0.3912473794549266,0.2814004376367615,0.2814004376367615,0.9187631027253669,2,716,20.0,19.0,0.015789473684210527,,,,
binary,3,RF,BBA,0.2,0.8943920335429769,0.8943827930904006,0.404874213836478,0.3754960998311823,0.48951781970649894,0.3238512035010941,0.3238512035010941,0.9187631027253669,2,716,,,,170.0,280.0,200.0,
binary,3,RF,DBA-style,0.2,0.8943920335429769,0.8943827930904006,0.8448637316561844,0.8440291194274337,0.04952830188679247,0.02888402625820569,0.02888402625820569,0.9187631027253669,2,716,,,,,,,175.0
binary,3,RF,FGSM-SNN,0.3,0.8943920335429769,0.8943827930904006,0.45020964360587,0.42164000637081855,0.4441823899371069,0.36586433260393875,0.36586433260393875,0.9187631027253669,2,716,,,,,,,
binary,3,RF,PGD-10-SNN,0.3,0.8943920335429769,0.8943827930904006,0.5094339622641509,0.45572589085453435,0.384958071278826,0.2603938730853392,0.2603938730853392,0.9187631027253669,2,716,10.0,10.0,0.03,,,,
binary,3,RF,PGD-20-SNN,0.3,0.8943920335429769,0.8943827930904006,0.5162473794549266,0.46074864841695534,0.3781446540880503,0.25164113785557984,0.25164113785557984,0.9187631027253669,2,716,20.0,19.0,0.015789473684210527,,,,
binary,3,RF,BBA,0.3,0.8943920335429769,0.8943827930904006,0.27646750524109015,0.2822000484620612,0.6179245283018868,0.5382932166301969,0.5382932166301969,0.9187631027253669,2,716,,,,170.0,280.0,200.0,
binary,3,RF,DBA-style,0.3,0.8943920335429769,0.8943827930904006,0.8446016771488469,0.8438112960479816,0.049790356394129986,0.02975929978118162,0.02975929978118162,0.9187631027253669,2,716,,,,,,,175.0
binary,3,DT,FGSM-SNN,0.05,0.8571802935010482,0.8574843151774667,0.5241090146750524,0.5240256493830575,0.33307127882599574,0.3716492503407542,0.3716492503407542,0.8977987421383647,2,716,,,,,,,
binary,3,DT,PGD-10-SNN,0.05,0.8571802935010482,0.8574843151774667,0.5948637316561844,0.599572872470748,0.26231656184486374,0.35620172648796,0.35620172648796,0.8977987421383647,2,716,10.0,3.0,0.1,,,,
binary,3,DT,PGD-20-SNN,0.05,0.8571802935010482,0.8574843151774667,0.5406184486373166,0.5403353277383881,0.3165618448637316,0.3630168105406633,0.3630168105406633,0.8977987421383647,2,716,20.0,9.5,0.031578947368421054,,,,
binary,3,DT,BBA,0.05,0.8571802935010482,0.8574843151774667,0.15382599580712789,0.1737049400756393,0.7033542976939203,0.7333030440708769,0.7333030440708769,0.8977987421383647,2,716,,,,80.0,160.0,115.0,
binary,3,DT,DBA-style,0.05,0.8571802935010482,0.8574843151774667,0.20047169811320756,0.21905330919568955,0.6567085953878407,0.7055883689232167,0.7055883689232167,0.8977987421383647,2,716,,,,,,,105.0
binary,3,DT,FGSM-SNN,0.1,0.8571802935010482,0.8574843151774667,0.4772012578616352,0.48279625300206813,0.379979035639413,0.4461608359836438,0.4461608359836438,0.8977987421383647,2,716,,,,,,,
binary,3,DT,PGD-10-SNN,0.1,0.8571802935010482,0.8574843151774667,0.46331236897274636,0.4490563431534853,0.3938679245283018,0.38482507950931394,0.38482507950931394,0.8977987421383647,2,716,10.0,3.0,0.1,,,,
binary,3,DT,PGD-20-SNN,0.1,0.8571802935010482,0.8574843151774667,0.47877358490566035,0.4711331459621884,0.37840670859538783,0.39572921399363925,0.39572921399363925,0.8977987421383647,2,716,20.0,9.5,0.031578947368421054,,,,
binary,3,DT,BBA,0.1,0.8571802935010482,0.8574843151774667,0.04219077568134172,0.05274642612210989,0.8149895178197064,0.9268514311676511,0.9268514311676511,0.8977987421383647,2,716,,,,80.0,160.0,115.0,
binary,3,DT,DBA-style,0.1,0.8571802935010482,0.8574843151774667,0.15749475890985326,0.17445519301914933,0.699685534591195,0.7796456156292594,0.7796456156292594,0.8977987421383647,2,716,,,,,,,105.0
binary,3,DT,FGSM-SNN,0.2,0.8571802935010482,0.8574843151774667,0.675314465408805,0.6463383159905751,0.18186582809224316,0.1185824625170377,0.1185824625170377,0.8977987421383647,2,716,,,,,,,
binary,3,DT,PGD-10-SNN,0.2,0.8571802935010482,0.8574843151774667,0.6425576519916143,0.5615205056155441,0.2146226415094339,0.06269877328487052,0.06269877328487052,0.8977987421383647,2,716,10.0,3.0,0.1,,,,
binary,3,DT,PGD-20-SNN,0.2,0.8571802935010482,0.8574843151774667,0.6412473794549266,0.5609787611475398,0.21593291404612158,0.06587914584279873,0.06587914584279873,0.8977987421383647,2,716,20.0,9.5,0.031578947368421054,,,,
binary,3,DT,BBA,0.2,0.8571802935010482,0.8574843151774667,0.002882599580712788,0.003745044451346743,0.8542976939203354,0.9950022716946842,0.9950022716946842,0.8977987421383647,2,716,,,,80.0,160.0,115.0,
binary,3,DT,DBA-style,0.2,0.8571802935010482,0.8574843151774667,0.13390985324947588,0.14931229275572336,0.7232704402515723,0.8155383916401635,0.8155383916401635,0.8977987421383647,2,716,,,,,,,105.0
binary,3,DT,FGSM-SNN,0.3,0.8571802935010482,0.8574843151774667,0.6947064989517819,0.6704512900420124,0.16247379454926625,0.1113130395274875,0.1113130395274875,0.8977987421383647,2,716,,,,,,,
binary,3,DT,PGD-10-SNN,0.3,0.8571802935010482,0.8574843151774667,0.6844863731656184,0.6140252979092349,0.17269392033542974,0.03225806451612903,0.03225806451612903,0.8977987421383647,2,716,10.0,3.0,0.1,,,,
binary,3,DT,PGD-20-SNN,0.3,0.8571802935010482,0.8574843151774667,0.6837002096436059,0.6134626663997422,0.1734800838574423,0.03225806451612903,0.03225806451612903,0.8977987421383647,2,716,20.0,9.5,0.031578947368421054,,,,
binary,3,DT,BBA,0.3,0.8571802935010482,0.8574843151774667,0.0007861635220125787,0.001023515326380346,0.8563941299790356,0.9986369831894594,0.9986369831894594,0.8977987421383647,2,716,,,,80.0,160.0,115.0,
binary,3,DT,DBA-style,0.3,0.8571802935010482,0.8574843151774667,0.125,0.14089654192650122,0.7321802935010482,0.8209904588823262,0.8209904588823262,0.8977987421383647,2,716,,,,,,,105.0
binary,3,XGBoost,FGSM-SNN,0.05,0.9001572327044025,0.9006715565353425,0.4520440251572327,0.4101472982259959,0.4481132075471698,0.33966431095406363,0.33966431095406363,0.9158805031446541,2,716,,,,,,,
binary,3,XGBoost,PGD-10-SNN,0.05,0.9001572327044025,0.9006715565353425,0.47746331236897277,0.4215961864437092,0.42269392033542974,0.28975265017667845,0.28975265017667845,0.9158805031446541,2,716,10.0,8.0,0.0375,,,,
binary,3,XGBoost,PGD-20-SNN,0.05,0.9001572327044025,0.9006715565353425,0.4782494758909853,0.42179920851736596,0.4219077568134172,0.2875441696113074,0.2875441696113074,0.9158805031446541,2,716,20.0,15.5,0.01935483870967742,,,,
binary,3,XGBoost,BBA,0.05,0.9001572327044025,0.9006715565353425,0.33254716981132076,0.3251572327044025,0.5676100628930818,0.43948763250883394,0.43948763250883394,0.9158805031446541,2,716,,,,170.0,170.0,165.0,
binary,3,XGBoost,DBA-style,0.05,0.9001572327044025,0.9006715565353425,0.5938155136268344,0.5752032049075604,0.30634171907756813,0.16298586572438162,0.16298586572438162,0.9158805031446541,2,716,,,,,,,160.0
binary,3,XGBoost,FGSM-SNN,0.1,0.9001572327044025,0.9006715565353425,0.3757861635220126,0.357133570661389,0.52437106918239,0.4624558303886926,0.4624558303886926,0.9158805031446541,2,716,,,,,,,
binary,3,XGBoost,PGD-10-SNN,0.1,0.9001572327044025,0.9006715565353425,0.42348008385744235,0.38761836836141444,0.47667714884696016,0.38162544169611307,0.38162544169611307,0.9158805031446541,2,716,10.0,8.0,0.0375,,,,
binary,3,XGBoost,PGD-20-SNN,0.1,0.9001572327044025,0.9006715565353425,0.4250524109014675,0.3886282800665863,0.475104821802935,0.37985865724381623,0.37985865724381623,0.9158805031446541,2,716,20.0,15.5,0.01935483870967742,,,,
binary,3,XGBoost,BBA,0.1,0.9001572327044025,0.9006715565353425,0.1401991614255765,0.16020920032359606,0.759958071278826,0.7636925795053003,0.7636925795053003,0.9158805031446541,2,716,,,,170.0,170.0,165.0,
binary,3,XGBoost,DBA-style,0.1,0.9001572327044025,0.9006715565353425,0.5922431865828093,0.5735588302168801,0.30791404612159323,0.16431095406360424,0.16431095406360424,0.9158805031446541,2,716,,,,,,,160.0
binary,3,XGBoost,FGSM-SNN,0.2,0.9001572327044025,0.9006715565353425,0.3692348008385744,0.35440993206895,0.5309224318658281,0.4757067137809187,0.4757067137809187,0.9158805031446541,2,716,,,,,,,
binary,3,XGBoost,PGD-10-SNN,0.2,0.9001572327044025,0.9006715565353425,0.4481132075471698,0.4031883582925314,0.4520440251572327,0.3409893992932862,0.3409893992932862,0.9158805031446541,2,716,10.0,8.0,0.0375,,,,
binary,3,XGBoost,PGD-20-SNN,0.2,0.9001572327044025,0.9006715565353425,0.4630503144654088,0.41237437999677823,0.4371069182389937,0.31537102473498235,0.31537102473498235,0.9158805031446541,2,716,20.0,15.5,0.01935483870967742,,,,
binary,3,XGBoost,BBA,0.2,0.9001572327044025,0.9006715565353425,0.025157232704402517,0.031973865287906265,0.875,0.9575971731448764,0.9575971731448764,0.9158805031446541,2,716,,,,170.0,170.0,165.0,
binary,3,XGBoost,DBA-style,0.2,0.9001572327044025,0.9006715565353425,0.5843815513626834,0.5672277934662092,0.31577568134171907,0.1771201413427562,0.1771201413427562,0.9158805031446541,2,716,,,,,,,160.0
binary,3,XGBoost,FGSM-SNN,0.3,0.9001572327044025,0.9006715565353425,0.3721174004192872,0.3590512395111817,0.5280398322851153,0.47659010600706714,0.47659010600706714,0.9158805031446541,2,716,,,,,,,
binary,3,XGBoost,PGD-10-SNN,0.3,0.9001572327044025,0.9006715565353425,0.425314465408805,0.38901732797822147,0.4748427672955975,0.37809187279151946,0.37809187279151946,0.9158805031446541,2,716,10.0,8.0,0.0375,,,,
binary,3,XGBoost,PGD-20-SNN,0.3,0.9001572327044025,0.9006715565353425,0.4334381551362683,0.39397705801417304,0.4667190775681342,0.36484098939929327,0.36484098939929327,0.9158805031446541,2,716,20.0,15.5,0.01935483870967742,,,,
binary,3,XGBoost,BBA,0.3,0.9001572327044025,0.9006715565353425,0.019129979035639413,0.024457252703831103,0.8810272536687631,0.967756183745583,0.967756183745583,0.9158805031446541,2,716,,,,170.0,170.0,165.0,
binary,3,XGBoost,DBA-style,0.3,0.9001572327044025,0.9006715565353425,0.5791404612159329,0.5629582063511718,0.32101677148846963,0.1855123674911661,0.1855123674911661,0.9158805031446541,2,716,,,,,,,160.0
binary,3,LightGBM,FGSM-SNN,0.05,0.8967505241090147,0.8974135845267901,0.5524109014675053,0.46432465462288247,0.3443396226415094,0.1676300578034682,0.1676300578034682,0.9431341719077568,2,716,,,,,,,
binary,3,LightGBM,PGD-10-SNN,0.05,0.8967505241090147,0.8974135845267901,0.6027253668763103,0.4907968789445377,0.2940251572327044,0.08359270787016451,0.08359270787016451,0.9431341719077568,2,716,10.0,3.0,0.1,,,,
binary,3,LightGBM,PGD-20-SNN,0.05,0.8967505241090147,0.8974135845267901,0.5987945492662474,0.4887876160477263,0.29795597484276726,0.09026233881725211,0.09026233881725211,0.9431341719077568,2,716,20.0,17.0,0.01764705882352941,,,,
binary,3,LightGBM,BBA,0.05,0.8967505241090147,0.8974135845267901,0.42033542976939203,0.385591837050446,0.47641509433962265,0.28679413072476656,0.28679413072476656,0.9431341719077568,2,716,,,,200.0,130.0,120.0,
binary,3,LightGBM,DBA-style,0.05,0.8967505241090147,0.8974135845267901,0.5036687631027253,0.4407353156311916,0.39308176100628933,0.15206758559359715,0.15206758559359715,0.9431341719077568,2,716,,,,,,,35.0
binary,3,LightGBM,FGSM-SNN,0.1,0.8967505241090147,0.8974135845267901,0.44758909853249473,0.40476591552051405,0.44916142557651995,0.34815473543797243,0.34815473543797243,0.9431341719077568,2,716,,,,,,,
binary,3,LightGBM,PGD-10-SNN,0.1,0.8967505241090147,0.8974135845267901,0.6265723270440252,0.5100354221354843,0.27017819706498947,0.050689195197865716,0.050689195197865716,0.9431341719077568,2,716,10.0,3.0,0.1,,,,
binary,3,LightGBM,PGD-20-SNN,0.1,0.8967505241090147,0.8974135845267901,0.6291928721174004,0.5109760273561655,0.2675576519916143,0.04579813250333482,0.04579813250333482,0.9431341719077568,2,716,20.0,17.0,0.01764705882352941,,,,
binary,3,LightGBM,BBA,0.1,0.8967505241090147,0.8974135845267901,0.2526205450733753,0.26276764646544387,0.6441299790356394,0.5713650511338373,0.5713650511338373,0.9431341719077568,2,716,,,,200.0,130.0,120.0,
binary,3,LightGBM,DBA-style,0.1,0.8967505241090147,0.8974135845267901,0.5023584905660378,0.43996054705475746,0.3943920335429769,0.154290795909293,0.154290795909293,0.9431341719077568,2,716,,,,,,,35.0
binary,3,LightGBM,FGSM-SNN,0.2,0.8967505241090147,0.8974135845267901,0.430293501048218,0.3974152081148523,0.46645702306079667,0.3850600266785238,0.3850600266785238,0.9431341719077568,2,716,,,,,,,
binary,3,LightGBM,PGD-10-SNN,0.2,0.8967505241090147,0.8974135845267901,0.6428197064989518,0.5325392951510166,0.25393081761006286,0.03823921742996887,0.03823921742996887,0.9431341719077568,2,716,10.0,3.0,0.1,,,,
binary,3,LightGBM,PGD-20-SNN,0.2,0.8967505241090147,0.8974135845267901,0.6328616352201258,0.5195066416042364,0.26388888888888884,0.04668741662961316,0.04668741662961316,0.9431341719077568,2,716,20.0,17.0,0.01764705882352941,,,,
binary,3,LightGBM,BBA,0.2,0.8967505241090147,0.8974135845267901,0.13653039832285116,0.15652043819719066,0.7602201257861635,0.7683414851044909,0.7683414851044909,0.9431341719077568,2,716,,,,200.0,130.0,120.0,
binary,3,LightGBM,DBA-style,0.2,0.8967505241090147,0.8974135845267901,0.49528301886792453,0.43548148177826906,0.40146750524109015,0.16585148955091153,0.16585148955091153,0.9431341719077568,2,716,,,,,,,35.0
binary,3,LightGBM,FGSM-SNN,0.3,0.8967505241090147,0.8974135845267901,0.43553459119496857,0.4043969465169701,0.4612159329140461,0.38372610048910627,0.38372610048910627,0.9431341719077568,2,716,,,,,,,
binary,3,LightGBM,PGD-10-SNN,0.3,0.8967505241090147,0.8974135845267901,0.6438679245283019,0.5327285183734197,0.2528825995807128,0.03601600711427301,0.03601600711427301,0.9431341719077568,2,716,10.0,3.0,0.1,,,,
binary,3,LightGBM,PGD-20-SNN,0.3,0.8967505241090147,0.8974135845267901,0.6040356394129979,0.5045876458566408,0.2927148846960168,0.09648732770120054,0.09648732770120054,0.9431341719077568,2,716,20.0,17.0,0.01764705882352941,,,,
binary,3,LightGBM,BBA,0.3,0.8967505241090147,0.8974135845267901,0.10455974842767296,0.12333833195311741,0.7921907756813418,0.82258781680747,0.82258781680747,0.9431341719077568,2,716,,,,200.0,130.0,120.0,
binary,3,LightGBM,DBA-style,0.3,0.8967505241090147,0.8974135845267901,0.49528301886792453,0.43548148177826906,0.40146750524109015,0.16585148955091153,0.16585148955091153,0.9431341719077568,2,716,,,,,,,35.0
binary,4,RF,FGSM-SNN,0.05,0.89937106918239,0.8993534412792369,0.54979035639413,0.4695029249719348,0.34958071278826,0.14684095860566448,0.14684095860566448,0.9124737945492662,2,716,,,,,,,
binary,4,RF,PGD-10-SNN,0.05,0.89937106918239,0.8993534412792369,0.560796645702306,0.47266702698531793,0.33857442348008393,0.13420479302832244,0.13420479302832244,0.9124737945492662,2,716,10.0,10.0,0.03,,,,
binary,4,RF,PGD-20-SNN,0.05,0.89937106918239,0.8993534412792369,0.5621069182389937,0.47372883010031347,0.33726415094339623,0.13246187363834422,0.13246187363834422,0.9124737945492662,2,716,20.0,19.0,0.015789473684210527,,,,
binary,4,RF,BBA,0.05,0.89937106918239,0.8993534412792369,0.4719601677148847,0.4185498190218408,0.42741090146750527,0.21655773420479302,0.21655773420479302,0.9124737945492662,2,716,,,,170.0,280.0,200.0,
binary,4,RF,DBA-style,0.05,0.89937106918239,0.8993534412792369,0.8524633123689728,0.8517703012259414,0.04690775681341719,0.02832244008714597,0.02832244008714597,0.9124737945492662,2,716,,,,,,,175.0
binary,4,RF,FGSM-SNN,0.1,0.89937106918239,0.8993534412792369,0.5474318658280922,0.48299878198617274,0.35193920335429774,0.18910675381263617,0.18910675381263617,0.9124737945492662,2,716,,,,,,,
binary,4,RF,PGD-10-SNN,0.1,0.89937106918239,0.8993534412792369,0.5343291404612159,0.47408976219105703,0.365041928721174,0.21220043572984748,0.21220043572984748,0.9124737945492662,2,716,10.0,10.0,0.03,,,,
binary,4,RF,PGD-20-SNN,0.1,0.89937106918239,0.8993534412792369,0.5416666666666666,0.478624485336204,0.35770440251572333,0.19869281045751633,0.19869281045751633,0.9124737945492662,2,716,20.0,19.0,0.015789473684210527,,,,
binary,4,RF,BBA,0.1,0.89937106918239,0.8993534412792369,0.4730083857442348,0.4183948930653506,0.42636268343815514,0.21350762527233116,0.21350762527233116,0.9124737945492662,2,716,,,,170.0,280.0,200.0,
binary,4,RF,DBA-style,0.1,0.89937106918239,0.8993534412792369,0.8514150943396226,0.8506883196972992,0.04795597484276737,0.02875816993464052,0.02875816993464052,0.9124737945492662,2,716,,,,,,,175.0
binary,4,RF,FGSM-SNN,0.2,0.89937106918239,0.8993534412792369,0.5479559748427673,0.4899961487847625,0.3514150943396227,0.20610021786492375,0.20610021786492375,0.9124737945492662,2,716,,,,,,,
binary,4,RF,PGD-10-SNN,0.2,0.89937106918239,0.8993534412792369,0.5262054507337526,0.4726018812850175,0.3731656184486374,0.23921568627450981,0.23921568627450981,0.9124737945492662,2,716,10.0,10.0,0.03,,,,
binary,4,RF,PGD-20-SNN,0.2,0.89937106918239,0.8993534412792369,0.5319706498951782,0.47626181120990646,0.3674004192872118,0.22875816993464052,0.22875816993464052,0.9124737945492662,2,716,20.0,19.0,0.015789473684210527,,,,
binary,4,RF,BBA,0.2,0.89937106918239,0.8993534412792369,0.44365828092243187,0.4004118665359105,0.4557127882599581,0.2623093681917211,0.2623093681917211,0.9124737945492662,2,716,,,,170.0,280.0,200.0,
binary,4,RF,DBA-style,0.2,0.89937106918239,0.8993534412792369,0.8508909853249476,0.8501325926666129,0.0484800838574424,0.02875816993464052,0.02875816993464052,0.9124737945492662,2,716,,,,,,,175.0
binary,4,RF,FGSM-SNN,0.3,0.89937106918239,0.8993534412792369,0.5301362683438156,0.47929983971453405,0.3692348008385744,0.23485838779956428,0.23485838779956428,0.9124737945492662,2,716,,,,,,,
binary,4,RF,PGD-10-SNN,0.3,0.89937106918239,0.8993534412792369,0.5301362683438156,0.4771012156334386,0.3692348008385744,0.23355119825708062,0.23355119825708062,0.9124737945492662,2,716,10.0,10.0,0.03,,,,
binary,4,RF,PGD-20-SNN,0.3,0.89937106918239,0.8993534412792369,0.529874213836478,0.476933272842109,0.3694968553459119,0.2344226579520697,0.2344226579520697,0.9124737945492662,2,716,20.0,19.0,0.015789473684210527,,,,
binary,4,RF,BBA,0.3,0.89937106918239,0.8993534412792369,0.3335953878406709,0.32592577487597085,0.5657756813417191,0.44531590413943356,0.44531590413943356,0.9124737945492662,2,716,,,,170.0,280.0,200.0,
binary,4,RF,DBA-style,0.3,0.89937106918239,0.8993534412792369,0.850104821802935,0.8494152368773522,0.04926624737945495,0.030501089324618737,0.030501089324618737,0.9124737945492662,2,716,,,,,,,175.0
binary,4,DT,FGSM-SNN,0.05,0.8681865828092243,0.8693037175900531,0.41535639412997905,0.4249130334640262,0.4528301886792453,0.4871559633027523,0.4871559633027523,0.9090670859538784,2,716,,,,,,,
binary,4,DT,PGD-10-SNN,0.05,0.8681865828092243,0.8693037175900531,0.3972746331236897,0.4079421639147491,0.4709119496855346,0.5284403669724771,0.5284403669724771,0.9090670859538784,2,716,10.0,3.0,0.1,,,,
binary,4,DT,PGD-20-SNN,0.05,0.8681865828092243,0.8693037175900531,0.39570230607966456,0.40614374401339737,0.4724842767295598,0.5270642201834862,0.5270642201834862,0.9090670859538784,2,716,20.0,9.5,0.031578947368421054,,,,
binary,4,DT,BBA,0.05,0.8681865828092243,0.8693037175900531,0.11425576519916142,0.13356534077131665,0.753930817610063,0.8004587155963303,0.8004587155963303,0.9090670859538784,2,716,,,,80.0,160.0,115.0,
binary,4,DT,DBA-style,0.05,0.8681865828092243,0.8693037175900531,0.13076519916142557,0.14252599602453972,0.7374213836477987,0.8380733944954128,0.8380733944954128,0.9090670859538784,2,716,,,,,,,105.0
binary,4,DT,FGSM-SNN,0.1,0.8681865828092243,0.8693037175900531,0.3238993710691824,0.33976556474706143,0.5442872117400419,0.6449541284403669,0.6449541284403669,0.9090670859538784,2,716,,,,,,,
binary,4,DT,PGD-10-SNN,0.1,0.8681865828092243,0.8693037175900531,0.3474842767295597,0.36194605428540216,0.5207023060796646,0.6633027522935779,0.6633027522935779,0.9090670859538784,2,716,10.0,3.0,0.1,,,,
binary,4,DT,PGD-20-SNN,0.1,0.8681865828092243,0.8693037175900531,0.34931865828092246,0.36389268958804755,0.5188679245283019,0.6651376146788991,0.6651376146788991,0.9090670859538784,2,716,20.0,9.5,0.031578947368421054,,,,
binary,4,DT,BBA,0.1,0.8681865828092243,0.8693037175900531,0.007861635220125786,0.010163299613745557,0.8603249475890985,0.9862385321100917,0.9862385321100917,0.9090670859538784,2,716,,,,80.0,160.0,115.0,
binary,4,DT,DBA-style,0.1,0.8681865828092243,0.8693037175900531,0.1189727463312369,0.12883397483443634,0.7492138364779874,0.8582568807339449,0.8582568807339449,0.9090670859538784,2,716,,,,,,,105.0
binary,4,DT,FGSM-SNN,0.2,0.8681865828092243,0.8693037175900531,0.4140461215932914,0.4150492495407964,0.45414046121593293,0.43669724770642204,0.43669724770642204,0.9090670859538784,2,716,,,,,,,
binary,4,DT,PGD-10-SNN,0.2,0.8681865828092243,0.8693037175900531,0.46645702306079667,0.4765628706928498,0.40172955974842767,0.47339449541284406,0.47339449541284406,0.9090670859538784,2,716,10.0,3.0,0.1,,,,
binary,4,DT,PGD-20-SNN,0.2,0.8681865828092243,0.8693037175900531,0.46567085953878407,0.47569335251555006,0.4025157232704403,0.47293577981651375,0.47293577981651375,0.9090670859538784,2,716,20.0,9.5,0.031578947368421054,,,,
binary,4,DT,BBA,0.2,0.8681865828092243,0.8693037175900531,0.002882599580712788,0.003745044451346743,0.8653039832285115,0.994954128440367,0.994954128440367,0.9090670859538784,2,716,,,,80.0,160.0,115.0,
binary,4,DT,DBA-style,0.2,0.8681865828092243,0.8693037175900531,0.08045073375262055,0.08265315885494959,0.7877358490566038,0.9224770642201835,0.9224770642201835,0.9090670859538784,2,716,,,,,,,105.0
binary,4,DT,FGSM-SNN,0.3,0.8681865828092243,0.8693037175900531,0.4129979035639413,0.4183298650005894,0.45518867924528306,0.46009174311926604,0.46009174311926604,0.9090670859538784,2,716,,,,,,,
binary,4,DT,PGD-10-SNN,0.3,0.8681865828092243,0.8693037175900531,0.4640985324947589,0.47666597491596063,0.40408805031446543,0.5247706422018349,0.5247706422018349,0.9090670859538784,2,716,10.0,3.0,0.1,,,,
binary,4,DT,PGD-20-SNN,0.3,0.8681865828092243,0.8693037175900531,0.4528301886792453,0.46567328318759976,0.41535639412997905,0.5353211009174312,0.5353211009174312,0.9090670859538784,2,716,20.0,9.5,0.031578947368421054,,,,
binary,4,DT,BBA,0.3,0.8681865828092243,0.8693037175900531,0.0010482180293501049,0.0013643298539080422,0.8671383647798743,0.998165137614679,0.998165137614679,0.9090670859538784,2,716,,,,80.0,160.0,115.0,
binary,4,DT,DBA-style,0.3,0.8681865828092243,0.8693037175900531,0.07809224318658281,0.07967174783195421,0.7900943396226415,0.926605504587156,0.926605504587156,0.9090670859538784,2,716,,,,,,,105.0
binary,4,XGBoost,FGSM-SNN,0.05,0.8996331236897275,0.8997113411096616,0.26755765199161424,0.28201492644200277,0.6320754716981132,0.6375545851528385,0.6375545851528385,0.9127358490566038,2,716,,,,,,,
binary,4,XGBoost,PGD-10-SNN,0.05,0.8996331236897275,0.8997113411096616,0.27384696016771487,0.28642490568363815,0.6257861635220126,0.6270742358078603,0.6270742358078603,0.9127358490566038,2,716,10.0,8.0,0.0375,,,,
binary,4,XGBoost,PGD-20-SNN,0.05,0.8996331236897275,0.8997113411096616,0.2717505241090147,0.2846095858567911,0.6278825995807128,0.6292576419213973,0.6292576419213973,0.9127358490566038,2,716,20.0,15.5,0.01935483870967742,,,,
binary,4,XGBoost,BBA,0.05,0.8996331236897275,0.8997113411096616,0.28852201257861637,0.29185950935888555,0.6111111111111112,0.519650655021834,0.519650655021834,0.9127358490566038,2,716,,,,170.0,170.0,165.0,
binary,4,XGBoost,DBA-style,0.05,0.8996331236897275,0.8997113411096616,0.6019392033542977,0.5851924147018199,0.29769392033542974,0.1707423580786026,0.1707423580786026,0.9127358490566038,2,716,,,,,,,160.0
binary,4,XGBoost,FGSM-SNN,0.1,0.8996331236897275,0.8997113411096616,0.24344863731656186,0.2588578899198537,0.6561844863731656,0.6633187772925764,0.6633187772925764,0.9127358490566038,2,716,,,,,,,
binary,4,XGBoost,PGD-10-SNN,0.1,0.8996331236897275,0.8997113411096616,0.25366876310272535,0.26519460274239215,0.6459643605870021,0.6467248908296943,0.6467248908296943,0.9127358490566038,2,716,10.0,8.0,0.0375,,,,
binary,4,XGBoost,PGD-20-SNN,0.1,0.8996331236897275,0.8997113411096616,0.2507861635220126,0.2626821693472438,0.6488469601677149,0.6497816593886463,0.6497816593886463,0.9127358490566038,2,716,20.0,15.5,0.01935483870967742,,,,
binary,4,XGBoost,BBA,0.1,0.8996331236897275,0.8997113411096616,0.1370545073375262,0.15704886159994935,0.7625786163522013,0.7716157205240175,0.7716157205240175,0.9127358490566038,2,716,,,,170.0,170.0,165.0,
binary,4,XGBoost,DBA-style,0.1,0.8996331236897275,0.8997113411096616,0.6011530398322851,0.5843092183379685,0.2984800838574424,0.17117903930131004,0.17117903930131004,0.9127358490566038,2,716,,,,,,,160.0
binary,4,XGBoost,FGSM-SNN,0.2,0.8996331236897275,0.8997113411096616,0.3079140461215933,0.31220589786580893,0.5917190775681342,0.5598253275109171,0.5598253275109171,0.9127358490566038,2,716,,,,,,,
binary,4,XGBoost,PGD-10-SNN,0.2,0.8996331236897275,0.8997113411096616,0.3438155136268344,0.33457347860749403,0.5558176100628931,0.49563318777292575,0.49563318777292575,0.9127358490566038,2,716,10.0,8.0,0.0375,,,,
binary,4,XGBoost,PGD-20-SNN,0.2,0.8996331236897275,0.8997113411096616,0.3519392033542977,0.33966229360537237,0.5476939203354299,0.4781659388646288,0.4781659388646288,0.9127358490566038,2,716,20.0,15.5,0.01935483870967742,,,,
binary,4,XGBoost,BBA,0.2,0.8996331236897275,0.8997113411096616,0.03773584905660377,0.04737945492662474,0.8618972746331237,0.9371179039301311,0.9371179039301311,0.9127358490566038,2,716,,,,170.0,170.0,165.0,
binary,4,XGBoost,DBA-style,0.2,0.8996331236897275,0.8997113411096616,0.5982704402515723,0.5818810965748746,0.3013626834381552,0.17554585152838428,0.17554585152838428,0.9127358490566038,2,716,,,,,,,160.0
binary,4,XGBoost,FGSM-SNN,0.3,0.8996331236897275,0.8997113411096616,0.2942872117400419,0.30148219186083935,0.6053459119496856,0.5829694323144105,0.5829694323144105,0.9127358490566038,2,716,,,,,,,
binary,4,XGBoost,PGD-10-SNN,0.3,0.8996331236897275,0.8997113411096616,0.32861635220125784,0.3239332695375841,0.5710167714884696,0.522707423580786,0.522707423580786,0.9127358490566038,2,716,10.0,8.0,0.0375,,,,
binary,4,XGBoost,PGD-20-SNN,0.3,0.8996331236897275,0.8997113411096616,0.33254716981132076,0.3263030318966761,0.5670859538784068,0.5165938864628821,0.5165938864628821,0.9127358490566038,2,716,20.0,15.5,0.01935483870967742,,,,
binary,4,XGBoost,BBA,0.3,0.8996331236897275,0.8997113411096616,0.022536687631027254,0.028716660917854308,0.8770964360587002,0.9624454148471616,0.9624454148471616,0.9127358490566038,2,716,,,,170.0,170.0,165.0,
binary,4,XGBoost,DBA-style,0.3,0.8996331236897275,0.8997113411096616,0.5972222222222222,0.5810443030526329,0.30241090146750527,0.17729257641921398,0.17729257641921398,0.9127358490566038,2,716,,,,,,,160.0
binary,4,LightGBM,FGSM-SNN,0.05,0.9022536687631028,0.9027121904202079,0.6889412997903563,0.6346785115522849,0.2133123689727464,0.06384852487890796,0.06384852487890796,0.9337002096436059,2,716,,,,,,,
binary,4,LightGBM,PGD-10-SNN,0.05,0.9022536687631028,0.9027121904202079,0.6357442348008385,0.5242786379328386,0.26650943396226423,0.041831792162043156,0.041831792162043156,0.9337002096436059,2,716,10.0,3.0,0.1,,,,
binary,4,LightGBM,PGD-20-SNN,0.05,0.9022536687631028,0.9027121904202079,0.6341719077568134,0.5230225110847123,0.26808176100628933,0.04491413474240423,0.04491413474240423,0.9337002096436059,2,716,20.0,17.0,0.01764705882352941,,,,
binary,4,LightGBM,BBA,0.05,0.9022536687631028,0.9027121904202079,0.3666142557651992,0.3495313671456511,0.5356394129979036,0.3839718185821224,0.3839718185821224,0.9337002096436059,2,716,,,,200.0,130.0,120.0,
binary,4,LightGBM,DBA-style,0.05,0.9022536687631028,0.9027121904202079,0.5039308176100629,0.4439352393865247,0.3983228511530399,0.16468516072214884,0.16468516072214884,0.9337002096436059,2,716,,,,,,,35.0
binary,4,LightGBM,FGSM-SNN,0.1,0.9022536687631028,0.9027121904202079,0.46776729559748426,0.43811949972566544,0.4344863731656185,0.3518273888154998,0.3518273888154998,0.9337002096436059,2,716,,,,,,,
binary,4,LightGBM,PGD-10-SNN,0.1,0.9022536687631028,0.9027121904202079,0.5940775681341719,0.497640162188911,0.30817610062893086,0.1083223249669749,0.1083223249669749,0.9337002096436059,2,716,10.0,3.0,0.1,,,,
binary,4,LightGBM,PGD-20-SNN,0.1,0.9022536687631028,0.9027121904202079,0.5909329140461216,0.49192449357794343,0.3113207547169812,0.1083223249669749,0.1083223249669749,0.9337002096436059,2,716,20.0,17.0,0.01764705882352941,,,,
binary,4,LightGBM,BBA,0.1,0.9022536687631028,0.9027121904202079,0.23846960167714884,0.2508825348156547,0.6637840670859539,0.5992954645530604,0.5992954645530604,0.9337002096436059,2,716,,,,200.0,130.0,120.0,
binary,4,LightGBM,DBA-style,0.1,0.9022536687631028,0.9027121904202079,0.5023584905660378,0.44298950730577885,0.399895178197065,0.16732716864817263,0.16732716864817263,0.9337002096436059,2,716,,,,,,,35.0
binary,4,LightGBM,FGSM-SNN,0.2,0.9022536687631028,0.9027121904202079,0.4979035639412998,0.49490483967684645,0.40435010482180295,0.40598855129898725,0.40598855129898725,0.9337002096436059,2,716,,,,,,,
binary,4,LightGBM,PGD-10-SNN,0.2,0.9022536687631028,0.9027121904202079,0.624475890985325,0.5034724576332568,0.2777777777777778,0.04711580801409071,0.04711580801409071,0.9337002096436059,2,716,10.0,3.0,0.1,,,,
binary,4,LightGBM,PGD-20-SNN,0.2,0.9022536687631028,0.9027121904202079,0.5922431865828093,0.4900220445948957,0.3100104821802935,0.10435931307793923,0.10435931307793923,0.9337002096436059,2,716,20.0,17.0,0.01764705882352941,,,,
binary,4,LightGBM,BBA,0.2,0.9022536687631028,0.9027121904202079,0.10482180293501048,0.1236181224366395,0.7974318658280923,0.8238661382650815,0.8238661382650815,0.9337002096436059,2,716,,,,200.0,130.0,120.0,
binary,4,LightGBM,DBA-style,0.2,0.9022536687631028,0.9027121904202079,0.49633123689727465,0.4393477963660419,0.4059224318658281,0.17745486569793043,0.17745486569793043,0.9337002096436059,2,716,,,,,,,35.0
binary,4,LightGBM,FGSM-SNN,0.3,0.9022536687631028,0.9027121904202079,0.4276729559748428,0.40477489056959753,0.47458071278826,0.40598855129898725,0.40598855129898725,0.9337002096436059,2,716,,,,,,,
binary,4,LightGBM,PGD-10-SNN,0.3,0.9022536687631028,0.9027121904202079,0.6352201257861635,0.5174699319801254,0.26703354297693926,0.03830911492734478,0.03830911492734478,0.9337002096436059,2,716,10.0,3.0,0.1,,,,
binary,4,LightGBM,PGD-20-SNN,0.3,0.9022536687631028,0.9027121904202079,0.5733752620545073,0.48268822196896155,0.32887840670859547,0.13958608542492293,0.13958608542492293,0.9337002096436059,2,716,20.0,17.0,0.01764705882352941,,,,
binary,4,LightGBM,BBA,0.3,0.9022536687631028,0.9027121904202079,0.03957023060796646,0.04959495502465572,0.8626834381551363,0.9335094671950682,0.9335094671950682,0.9337002096436059,2,716,,,,200.0,130.0,120.0,
binary,4,LightGBM,DBA-style,0.3,0.9022536687631028,0.9027121904202079,0.49318658280922434,0.43717421743095675,0.4090670859538784,0.18229854689564068,0.18229854689564068,0.9337002096436059,2,716,,,,,,,35.0
