task,fold,model,attack,epsilon,target_label,clean_acc,clean_f1,adv_acc,adv_f1,acc_drop,targeted_evasion_asr,snn_agreement,num_classes,num_features,num_targetable,steps,alpha_factor,alpha,max_attempts,top_k,perturb_features,max_features
multi_targeted_non_malicious,1,RF,FGSM-SNN-targeted-benign,0.05,3,0.9321278825995807,0.9319584017960193,0.5665618448637316,0.5021953997207657,0.36556603773584906,0.3833619210977702,0.870020964360587,6,716,2332,,,,,,,
multi_targeted_non_malicious,1,RF,PGD-10-SNN-targeted-benign,0.05,3,0.9321278825995807,0.9319584017960193,0.5600104821802935,0.4863385172793319,0.3721174004192872,0.4725557461406518,0.870020964360587,6,716,2332,10.0,10.0,0.03,,,,
multi_targeted_non_malicious,1,RF,PGD-20-SNN-targeted-benign,0.05,3,0.9321278825995807,0.9319584017960193,0.5589622641509434,0.4849273167587518,0.37316561844863727,0.4716981132075472,0.870020964360587,6,716,2332,20.0,19.0,0.015789473684210527,,,,
multi_targeted_non_malicious,1,RF,BBA-targeted-benign,0.05,3,0.9321278825995807,0.9319584017960193,0.6957547169811321,0.6707818206907052,0.23637316561844857,0.3867924528301887,0.870020964360587,6,716,2332,,,,170.0,280.0,200.0,
multi_targeted_non_malicious,1,RF,DBA-style-targeted-benign,0.05,3,0.9321278825995807,0.9319584017960193,0.9161425576519916,0.915943789396296,0.015985324947589086,0.026157804459691254,0.870020964360587,6,716,2332,,,,,,,175.0
multi_targeted_non_malicious,1,RF,FGSM-SNN-targeted-benign,0.1,3,0.9321278825995807,0.9319584017960193,0.5513626834381551,0.46911388179716945,0.3807651991614256,0.5591766723842195,0.870020964360587,6,716,2332,,,,,,,
multi_targeted_non_malicious,1,RF,PGD-10-SNN-targeted-benign,0.1,3,0.9321278825995807,0.9319584017960193,0.5469077568134172,0.455792384308198,0.3852201257861635,0.5415951972555746,0.870020964360587,6,716,2332,10.0,10.0,0.03,,,,
multi_targeted_non_malicious,1,RF,PGD-20-SNN-targeted-benign,0.1,3,0.9321278825995807,0.9319584017960193,0.5490041928721174,0.457556915859577,0.38312368972746325,0.5390222984562607,0.870020964360587,6,716,2332,20.0,19.0,0.015789473684210527,,,,
multi_targeted_non_malicious,1,RF,BBA-targeted-benign,0.1,3,0.9321278825995807,0.9319584017960193,0.6016771488469602,0.578489688723862,0.33045073375262046,0.54073756432247,0.870020964360587,6,716,2332,,,,170.0,280.0,200.0,
multi_targeted_non_malicious,1,RF,DBA-style-targeted-benign,0.1,3,0.9321278825995807,0.9319584017960193,0.9161425576519916,0.915943789396296,0.015985324947589086,0.026157804459691254,0.870020964360587,6,716,2332,,,,,,,175.0
multi_targeted_non_malicious,1,RF,FGSM-SNN-targeted-benign,0.2,3,0.9321278825995807,0.9319584017960193,0.5474318658280922,0.4617691537623937,0.38469601677148846,0.5917667238421955,0.870020964360587,6,716,2332,,,,,,,
multi_targeted_non_malicious,1,RF,PGD-10-SNN-targeted-benign,0.2,3,0.9321278825995807,0.9319584017960193,0.5639412997903563,0.4693967566937016,0.36818658280922434,0.516295025728988,0.870020964360587,6,716,2332,10.0,10.0,0.03,,,,
multi_targeted_non_malicious,1,RF,PGD-20-SNN-targeted-benign,0.2,3,0.9321278825995807,0.9319584017960193,0.5649895178197065,0.47014176957496673,0.36713836477987416,0.5128644939965694,0.870020964360587,6,716,2332,20.0,19.0,0.015789473684210527,,,,
multi_targeted_non_malicious,1,RF,BBA-targeted-benign,0.2,3,0.9321278825995807,0.9319584017960193,0.49030398322851154,0.4409985676751004,0.44182389937106914,0.7229845626072041,0.870020964360587,6,716,2332,,,,170.0,280.0,200.0,
multi_targeted_non_malicious,1,RF,DBA-style-targeted-benign,0.2,3,0.9321278825995807,0.9319584017960193,0.9158805031446541,0.9156802474414922,0.016247379454926603,0.026586620926243566,0.870020964360587,6,716,2332,,,,,,,175.0
multi_targeted_non_malicious,1,RF,FGSM-SNN-targeted-benign,0.3,3,0.9321278825995807,0.9319584017960193,0.5429769392033543,0.45626795945035686,0.38915094339622636,0.5870497427101201,0.870020964360587,6,716,2332,,,,,,,
multi_targeted_non_malicious,1,RF,PGD-10-SNN-targeted-benign,0.3,3,0.9321278825995807,0.9319584017960193,0.5683962264150944,0.4745828061334113,0.36373165618448633,0.49914236706689535,0.870020964360587,6,716,2332,10.0,10.0,0.03,,,,
multi_targeted_non_malicious,1,RF,PGD-20-SNN-targeted-benign,0.3,3,0.9321278825995807,0.9319584017960193,0.5683962264150944,0.47482071875461124,0.36373165618448633,0.5017152658662093,0.870020964360587,6,716,2332,20.0,19.0,0.015789473684210527,,,,
multi_targeted_non_malicious,1,RF,BBA-targeted-benign,0.3,3,0.9321278825995807,0.9319584017960193,0.4470649895178197,0.3785207083952184,0.485062893081761,0.7937392795883362,0.870020964360587,6,716,2332,,,,170.0,280.0,200.0,
multi_targeted_non_malicious,1,RF,DBA-style-targeted-benign,0.3,3,0.9321278825995807,0.9319584017960193,0.9158805031446541,0.9156802474414922,0.016247379454926603,0.026586620926243566,0.870020964360587,6,716,2332,,,,,,,175.0
multi_targeted_non_malicious,1,DT,FGSM-SNN-targeted-benign,0.05,3,0.8878406708595388,0.8877371932766931,0.48453878406708595,0.4437070052117774,0.4033018867924528,0.4671467146714671,0.8309748427672956,6,716,2222,,,,,,,
multi_targeted_non_malicious,1,DT,PGD-10-SNN-targeted-benign,0.05,3,0.8878406708595388,0.8877371932766931,0.405398322851153,0.33625721513771906,0.48244234800838576,0.68001800180018,0.8309748427672956,6,716,2222,10.0,3.0,0.1,,,,
multi_targeted_non_malicious,1,DT,PGD-20-SNN-targeted-benign,0.05,3,0.8878406708595388,0.8877371932766931,0.40644654088050314,0.3384883851066455,0.48139412997903563,0.6755175517551755,0.8309748427672956,6,716,2222,20.0,9.5,0.031578947368421054,,,,
multi_targeted_non_malicious,1,DT,BBA-targeted-benign,0.05,3,0.8878406708595388,0.8877371932766931,0.3498427672955975,0.24445630500036422,0.5379979035639413,0.9239423942394239,0.8309748427672956,6,716,2222,,,,80.0,160.0,115.0,
multi_targeted_non_malicious,1,DT,DBA-style-targeted-benign,0.05,3,0.8878406708595388,0.8877371932766931,0.5062893081761006,0.480728129470483,0.38155136268343814,0.6552655265526552,0.8309748427672956,6,716,2222,,,,,,,105.0
multi_targeted_non_malicious,1,DT,FGSM-SNN-targeted-benign,0.1,3,0.8878406708595388,0.8877371932766931,0.4808700209643606,0.43663163916071135,0.40697064989517817,0.5013501350135013,0.8309748427672956,6,716,2222,,,,,,,
multi_targeted_non_malicious,1,DT,PGD-10-SNN-targeted-benign,0.1,3,0.8878406708595388,0.8877371932766931,0.40749475890985326,0.3385168193766922,0.4803459119496855,0.7335733573357336,0.8309748427672956,6,716,2222,10.0,3.0,0.1,,,,
multi_targeted_non_malicious,1,DT,PGD-20-SNN-targeted-benign,0.1,3,0.8878406708595388,0.8877371932766931,0.40749475890985326,0.3382125904592784,0.4803459119496855,0.738973897389739,0.8309748427672956,6,716,2222,20.0,9.5,0.031578947368421054,,,,
multi_targeted_non_malicious,1,DT,BBA-targeted-benign,0.1,3,0.8878406708595388,0.8877371932766931,0.3121069182389937,0.17903932581417273,0.575733752620545,0.9887488748874887,0.8309748427672956,6,716,2222,,,,80.0,160.0,115.0,
multi_targeted_non_malicious,1,DT,DBA-style-targeted-benign,0.1,3,0.8878406708595388,0.8877371932766931,0.49030398322851154,0.46055855792201744,0.39753668763102723,0.6827182718271827,0.8309748427672956,6,716,2222,,,,,,,105.0
multi_targeted_non_malicious,1,DT,FGSM-SNN-targeted-benign,0.2,3,0.8878406708595388,0.8877371932766931,0.4669811320754717,0.4144457459383811,0.42085953878406707,0.5828082808280828,0.8309748427672956,6,716,2222,,,,,,,
multi_targeted_non_malicious,1,DT,PGD-10-SNN-targeted-benign,0.2,3,0.8878406708595388,0.8877371932766931,0.41037735849056606,0.32851931758007047,0.4774633123689727,0.7398739873987399,0.8309748427672956,6,716,2222,10.0,3.0,0.1,,,,
multi_targeted_non_malicious,1,DT,PGD-20-SNN-targeted-benign,0.2,3,0.8878406708595388,0.8877371932766931,0.3938679245283019,0.307273990611548,0.4939727463312369,0.7943294329432943,0.8309748427672956,6,716,2222,20.0,9.5,0.031578947368421054,,,,
multi_targeted_non_malicious,1,DT,BBA-targeted-benign,0.2,3,0.8878406708595388,0.8877371932766931,0.3060796645702306,0.16707101946442005,0.5817610062893082,0.9990999099909991,0.8309748427672956,6,716,2222,,,,80.0,160.0,115.0,
multi_targeted_non_malicious,1,DT,DBA-style-targeted-benign,0.2,3,0.8878406708595388,0.8877371932766931,0.48558700209643607,0.45409770955645096,0.4022536687631027,0.6908190819081909,0.8309748427672956,6,716,2222,,,,,,,105.0
multi_targeted_non_malicious,1,DT,FGSM-SNN-targeted-benign,0.3,3,0.8878406708595388,0.8877371932766931,0.4667190775681342,0.4106264966324737,0.4211215932914046,0.5931593159315932,0.8309748427672956,6,716,2222,,,,,,,
multi_targeted_non_malicious,1,DT,PGD-10-SNN-targeted-benign,0.3,3,0.8878406708595388,0.8877371932766931,0.4271488469601677,0.35144806101393633,0.4606918238993711,0.5634563456345635,0.8309748427672956,6,716,2222,10.0,3.0,0.1,,,,
multi_targeted_non_malicious,1,DT,PGD-20-SNN-targeted-benign,0.3,3,0.8878406708595388,0.8877371932766931,0.4166666666666667,0.33482285752294577,0.4711740041928721,0.6255625562556255,0.8309748427672956,6,716,2222,20.0,9.5,0.031578947368421054,,,,
multi_targeted_non_malicious,1,DT,BBA-targeted-benign,0.3,3,0.8878406708595388,0.8877371932766931,0.3060796645702306,0.16707101946442005,0.5817610062893082,0.9990999099909991,0.8309748427672956,6,716,2222,,,,80.0,160.0,115.0,
multi_targeted_non_malicious,1,DT,DBA-style-targeted-benign,0.3,3,0.8878406708595388,0.8877371932766931,0.4811320754716981,0.44782657138641946,0.40670859538784065,0.6984698469846985,0.8309748427672956,6,716,2222,,,,,,,105.0
multi_targeted_non_malicious,1,XGBoost,FGSM-SNN-targeted-benign,0.05,3,0.9478511530398323,0.9477778427012026,0.40644654088050314,0.3054774394362269,0.5414046121593291,0.7146496815286624,0.8613731656184487,6,716,2355,,,,,,,
multi_targeted_non_malicious,1,XGBoost,PGD-10-SNN-targeted-benign,0.05,3,0.9478511530398323,0.9477778427012026,0.42636268343815514,0.3301307848196589,0.521488469601677,0.7583864118895967,0.8613731656184487,6,716,2355,10.0,8.0,0.0375,,,,
multi_targeted_non_malicious,1,XGBoost,PGD-20-SNN-targeted-benign,0.05,3,0.9478511530398323,0.9477778427012026,0.4240041928721174,0.32596226371927406,0.5238469601677149,0.7707006369426752,0.8613731656184487,6,716,2355,20.0,15.5,0.01935483870967742,,,,
multi_targeted_non_malicious,1,XGBoost,BBA-targeted-benign,0.05,3,0.9478511530398323,0.9477778427012026,0.504979035639413,0.45199871573155403,0.4428721174004192,0.7176220806794055,0.8613731656184487,6,716,2355,,,,170.0,170.0,165.0,
multi_targeted_non_malicious,1,XGBoost,DBA-style-targeted-benign,0.05,3,0.9478511530398323,0.9477778427012026,0.9014675052410901,0.9013398346505502,0.046383647798742156,0.0751592356687898,0.8613731656184487,6,716,2355,,,,,,,160.0
multi_targeted_non_malicious,1,XGBoost,FGSM-SNN-targeted-benign,0.1,3,0.9478511530398323,0.9477778427012026,0.3917714884696017,0.2819887435508603,0.5560796645702306,0.7596602972399151,0.8613731656184487,6,716,2355,,,,,,,
multi_targeted_non_malicious,1,XGBoost,PGD-10-SNN-targeted-benign,0.1,3,0.9478511530398323,0.9477778427012026,0.4449685534591195,0.35230994397893894,0.5028825995807127,0.759235668789809,0.8613731656184487,6,716,2355,10.0,8.0,0.0375,,,,
multi_targeted_non_malicious,1,XGBoost,PGD-20-SNN-targeted-benign,0.1,3,0.9478511530398323,0.9477778427012026,0.44575471698113206,0.3520186004414556,0.5020964360587001,0.7354564755838641,0.8613731656184487,6,716,2355,20.0,15.5,0.01935483870967742,,,,
multi_targeted_non_malicious,1,XGBoost,BBA-targeted-benign,0.1,3,0.9478511530398323,0.9477778427012026,0.4179769392033543,0.32831855635575924,0.5298742138364779,0.8585987261146497,0.8613731656184487,6,716,2355,,,,170.0,170.0,165.0,
multi_targeted_non_malicious,1,XGBoost,DBA-style-targeted-benign,0.1,3,0.9478511530398323,0.9477778427012026,0.8983228511530398,0.898389662997018,0.04952830188679247,0.08025477707006369,0.8613731656184487,6,716,2355,,,,,,,160.0
multi_targeted_non_malicious,1,XGBoost,FGSM-SNN-targeted-benign,0.2,3,0.9478511530398323,0.9477778427012026,0.3828616352201258,0.2677219786506579,0.5649895178197064,0.7838641188959661,0.8613731656184487,6,716,2355,,,,,,,
multi_targeted_non_malicious,1,XGBoost,PGD-10-SNN-targeted-benign,0.2,3,0.9478511530398323,0.9477778427012026,0.46331236897274636,0.3745009393980529,0.4845387840670859,0.7329087048832271,0.8613731656184487,6,716,2355,10.0,8.0,0.0375,,,,
multi_targeted_non_malicious,1,XGBoost,PGD-20-SNN-targeted-benign,0.2,3,0.9478511530398323,0.9477778427012026,0.4758909853249476,0.3877927833261199,0.47196016771488464,0.7104033970276008,0.8613731656184487,6,716,2355,20.0,15.5,0.01935483870967742,,,,
multi_targeted_non_malicious,1,XGBoost,BBA-targeted-benign,0.2,3,0.9478511530398323,0.9477778427012026,0.37368972746331236,0.25379241389115814,0.57416142557652,0.9303609341825902,0.8613731656184487,6,716,2355,,,,170.0,170.0,165.0,
multi_targeted_non_malicious,1,XGBoost,DBA-style-targeted-benign,0.2,3,0.9478511530398323,0.9477778427012026,0.8975366876310272,0.8976039224439807,0.05031446540880502,0.08152866242038216,0.8613731656184487,6,716,2355,,,,,,,160.0
multi_targeted_non_malicious,1,XGBoost,FGSM-SNN-targeted-benign,0.3,3,0.9478511530398323,0.9477778427012026,0.3752620545073375,0.25460938080518414,0.5725890985324947,0.8199575371549894,0.8613731656184487,6,716,2355,,,,,,,
multi_targeted_non_malicious,1,XGBoost,PGD-10-SNN-targeted-benign,0.3,3,0.9478511530398323,0.9477778427012026,0.47353249475890985,0.3915544970963232,0.4743186582809224,0.6900212314225053,0.8613731656184487,6,716,2355,10.0,8.0,0.0375,,,,
multi_targeted_non_malicious,1,XGBoost,PGD-20-SNN-targeted-benign,0.3,3,0.9478511530398323,0.9477778427012026,0.48715932914046123,0.40779091278695906,0.460691823899371,0.6692144373673036,0.8613731656184487,6,716,2355,20.0,15.5,0.01935483870967742,,,,
multi_targeted_non_malicious,1,XGBoost,BBA-targeted-benign,0.3,3,0.9478511530398323,0.9477778427012026,0.37133123689727465,0.24982806884440045,0.5765199161425576,0.9341825902335457,0.8613731656184487,6,716,2355,,,,170.0,170.0,165.0,
multi_targeted_non_malicious,1,XGBoost,DBA-style-targeted-benign,0.3,3,0.9478511530398323,0.9477778427012026,0.8962264150943396,0.8962377453747165,0.051624737945492605,0.08365180467091295,0.8613731656184487,6,716,2355,,,,,,,160.0
multi_targeted_non_malicious,1,LightGBM,FGSM-SNN-targeted-benign,0.05,3,0.9483752620545073,0.9483435848886257,0.5026205450733753,0.4125964830985774,0.445754716981132,0.5458793542905692,0.860587002096436,6,716,2354,,,,,,,
multi_targeted_non_malicious,1,LightGBM,PGD-10-SNN-targeted-benign,0.05,3,0.9483752620545073,0.9483435848886257,0.45073375262054505,0.35823137490006385,0.49764150943396224,0.64910790144435,0.860587002096436,6,716,2354,10.0,3.0,0.1,,,,
multi_targeted_non_malicious,1,LightGBM,PGD-20-SNN-targeted-benign,0.05,3,0.9483752620545073,0.9483435848886257,0.44942348008385746,0.3522507207980197,0.4989517819706498,0.6325403568394222,0.860587002096436,6,716,2354,20.0,17.0,0.01764705882352941,,,,
multi_targeted_non_malicious,1,LightGBM,BBA-targeted-benign,0.05,3,0.9483752620545073,0.9483435848886257,0.39622641509433965,0.28991452420007763,0.5521488469601676,0.8950722175021241,0.860587002096436,6,716,2354,,,,200.0,130.0,120.0,
multi_targeted_non_malicious,1,LightGBM,DBA-style-targeted-benign,0.05,3,0.9483752620545073,0.9483435848886257,0.7877358490566038,0.7736453107767864,0.16063941299790352,0.2604078164825828,0.860587002096436,6,716,2354,,,,,,,35.0
multi_targeted_non_malicious,1,LightGBM,FGSM-SNN-targeted-benign,0.1,3,0.9483752620545073,0.9483435848886257,0.43527253668763105,0.33522692364477613,0.5131027253668763,0.7230246389124894,0.860587002096436,6,716,2354,,,,,,,
multi_targeted_non_malicious,1,LightGBM,PGD-10-SNN-targeted-benign,0.1,3,0.9483752620545073,0.9483435848886257,0.4640985324947589,0.36772575362324333,0.4842767295597484,0.643160577740017,0.860587002096436,6,716,2354,10.0,3.0,0.1,,,,
multi_targeted_non_malicious,1,LightGBM,PGD-20-SNN-targeted-benign,0.1,3,0.9483752620545073,0.9483435848886257,0.46016771488469604,0.36346123172897316,0.48820754716981124,0.6584536958368734,0.860587002096436,6,716,2354,20.0,17.0,0.01764705882352941,,,,
multi_targeted_non_malicious,1,LightGBM,BBA-targeted-benign,0.1,3,0.9483752620545073,0.9483435848886257,0.3778825995807128,0.2584965696013011,0.5704926624737945,0.9248088360237893,0.860587002096436,6,716,2354,,,,200.0,130.0,120.0,
multi_targeted_non_malicious,1,LightGBM,DBA-style-targeted-benign,0.1,3,0.9483752620545073,0.9483435848886257,0.7869496855345912,0.7726293511205768,0.16142557651991607,0.2616822429906542,0.860587002096436,6,716,2354,,,,,,,35.0
multi_targeted_non_malicious,1,LightGBM,FGSM-SNN-targeted-benign,0.2,3,0.9483752620545073,0.9483435848886257,0.4109014675052411,0.3047486677705535,0.5374737945492662,0.7752761257434154,0.860587002096436,6,716,2354,,,,,,,
multi_targeted_non_malicious,1,LightGBM,PGD-10-SNN-targeted-benign,0.2,3,0.9483752620545073,0.9483435848886257,0.5167714884696016,0.42906952713471547,0.43160377358490565,0.6291418861512319,0.860587002096436,6,716,2354,10.0,3.0,0.1,,,,
multi_targeted_non_malicious,1,LightGBM,PGD-20-SNN-targeted-benign,0.2,3,0.9483752620545073,0.9483435848886257,0.4808700209643606,0.3912931170337915,0.4675052410901467,0.6890399320305862,0.860587002096436,6,716,2354,20.0,17.0,0.01764705882352941,,,,
multi_targeted_non_malicious,1,LightGBM,BBA-targeted-benign,0.2,3,0.9483752620545073,0.9483435848886257,0.3760482180293501,0.2554985258508755,0.5723270440251571,0.9277824978759558,0.860587002096436,6,716,2354,,,,200.0,130.0,120.0,
multi_targeted_non_malicious,1,LightGBM,DBA-style-targeted-benign,0.2,3,0.9483752620545073,0.9483435848886257,0.7874737945492662,0.7738546512495141,0.16090146750524104,0.2608326253186066,0.860587002096436,6,716,2354,,,,,,,35.0
multi_targeted_non_malicious,1,LightGBM,FGSM-SNN-targeted-benign,0.3,3,0.9483752620545073,0.9483435848886257,0.3980607966457023,0.2873385729983907,0.550314465408805,0.7854715378079864,0.860587002096436,6,716,2354,,,,,,,
multi_targeted_non_malicious,1,LightGBM,PGD-10-SNN-targeted-benign,0.3,3,0.9483752620545073,0.9483435848886257,0.5157232704402516,0.43603594679460134,0.4326519916142557,0.5488530161427357,0.860587002096436,6,716,2354,10.0,3.0,0.1,,,,
multi_targeted_non_malicious,1,LightGBM,PGD-20-SNN-targeted-benign,0.3,3,0.9483752620545073,0.9483435848886257,0.48139412997903563,0.396797690063985,0.46698113207547165,0.6359388275276125,0.860587002096436,6,716,2354,20.0,17.0,0.01764705882352941,,,,
multi_targeted_non_malicious,1,LightGBM,BBA-targeted-benign,0.3,3,0.9483752620545073,0.9483435848886257,0.3721174004192872,0.24899183612994186,0.5762578616352201,0.9341546304163126,0.860587002096436,6,716,2354,,,,200.0,130.0,120.0,
multi_targeted_non_malicious,1,LightGBM,DBA-style-targeted-benign,0.3,3,0.9483752620545073,0.9483435848886257,0.7872117400419287,0.773616298141225,0.16116352201257855,0.26125743415463043,0.860587002096436,6,716,2354,,,,,,,35.0
multi_targeted_non_malicious,2,RF,FGSM-SNN-targeted-benign,0.05,3,0.9305555555555556,0.930429889268475,0.5628930817610063,0.5094857753984945,0.3676624737945493,0.40602150537634407,0.8710691823899371,6,716,2325,,,,,,,
multi_targeted_non_malicious,2,RF,PGD-10-SNN-targeted-benign,0.05,3,0.9305555555555556,0.930429889268475,0.5953878406708596,0.5288937409893761,0.335167714884696,0.4206451612903226,0.8710691823899371,6,716,2325,10.0,10.0,0.03,,,,
multi_targeted_non_malicious,2,RF,PGD-20-SNN-targeted-benign,0.05,3,0.9305555555555556,0.930429889268475,0.5872641509433962,0.5139429405447246,0.34329140461215935,0.4395698924731183,0.8710691823899371,6,716,2325,20.0,19.0,0.015789473684210527,,,,
multi_targeted_non_malicious,2,RF,BBA-targeted-benign,0.05,3,0.9305555555555556,0.930429889268475,0.7261530398322851,0.7039475036935092,0.2044025157232705,0.33548387096774196,0.8710691823899371,6,716,2325,,,,170.0,280.0,200.0,
multi_targeted_non_malicious,2,RF,DBA-style-targeted-benign,0.05,3,0.9305555555555556,0.930429889268475,0.914308176100629,0.9140859618364353,0.016247379454926603,0.02666666666666667,0.8710691823899371,6,716,2325,,,,,,,175.0
multi_targeted_non_malicious,2,RF,FGSM-SNN-targeted-benign,0.1,3,0.9305555555555556,0.930429889268475,0.5450733752620545,0.4739161792788042,0.3854821802935011,0.49376344086021506,0.8710691823899371,6,716,2325,,,,,,,
multi_targeted_non_malicious,2,RF,PGD-10-SNN-targeted-benign,0.1,3,0.9305555555555556,0.930429889268475,0.5767819706498952,0.4825218992061531,0.35377358490566035,0.4972043010752688,0.8710691823899371,6,716,2325,10.0,10.0,0.03,,,,
multi_targeted_non_malicious,2,RF,PGD-20-SNN-targeted-benign,0.1,3,0.9305555555555556,0.930429889268475,0.5767819706498952,0.48217814294545563,0.35377358490566035,0.49376344086021506,0.8710691823899371,6,716,2325,20.0,19.0,0.015789473684210527,,,,
multi_targeted_non_malicious,2,RF,BBA-targeted-benign,0.1,3,0.9305555555555556,0.930429889268475,0.644916142557652,0.6253009905260013,0.28563941299790363,0.46881720430107526,0.8710691823899371,6,716,2325,,,,170.0,280.0,200.0,
multi_targeted_non_malicious,2,RF,DBA-style-targeted-benign,0.1,3,0.9305555555555556,0.930429889268475,0.9140461215932913,0.9138206720003577,0.01650943396226423,0.027096774193548386,0.8710691823899371,6,716,2325,,,,,,,175.0
multi_targeted_non_malicious,2,RF,FGSM-SNN-targeted-benign,0.2,3,0.9305555555555556,0.930429889268475,0.5361635220125787,0.4599130679391646,0.3943920335429769,0.5406451612903226,0.8710691823899371,6,716,2325,,,,,,,
multi_targeted_non_malicious,2,RF,PGD-10-SNN-targeted-benign,0.2,3,0.9305555555555556,0.930429889268475,0.5801886792452831,0.485269085004237,0.3503668763102725,0.5019354838709678,0.8710691823899371,6,716,2325,10.0,10.0,0.03,,,,
multi_targeted_non_malicious,2,RF,PGD-20-SNN-targeted-benign,0.2,3,0.9305555555555556,0.930429889268475,0.5862159329140462,0.48950532397100327,0.3443396226415094,0.48731182795698924,0.8710691823899371,6,716,2325,20.0,19.0,0.015789473684210527,,,,
multi_targeted_non_malicious,2,RF,BBA-targeted-benign,0.2,3,0.9305555555555556,0.930429889268475,0.4648846960167715,0.408123803979079,0.46567085953878407,0.7643010752688172,0.8710691823899371,6,716,2325,,,,170.0,280.0,200.0,
multi_targeted_non_malicious,2,RF,DBA-style-targeted-benign,0.2,3,0.9305555555555556,0.930429889268475,0.9135220125786163,0.9132899795900505,0.017033542976939264,0.02795698924731183,0.8710691823899371,6,716,2325,,,,,,,175.0
multi_targeted_non_malicious,2,RF,FGSM-SNN-targeted-benign,0.3,3,0.9305555555555556,0.930429889268475,0.5293501048218029,0.4488160122048405,0.4012054507337527,0.5604301075268817,0.8710691823899371,6,716,2325,,,,,,,
multi_targeted_non_malicious,2,RF,PGD-10-SNN-targeted-benign,0.3,3,0.9305555555555556,0.930429889268475,0.5820230607966457,0.48615187502730517,0.3485324947589099,0.49376344086021506,0.8710691823899371,6,716,2325,10.0,10.0,0.03,,,,
multi_targeted_non_malicious,2,RF,PGD-20-SNN-targeted-benign,0.3,3,0.9305555555555556,0.930429889268475,0.5859538784067087,0.48901178285308855,0.34460167714884693,0.4860215053763441,0.8710691823899371,6,716,2325,20.0,19.0,0.015789473684210527,,,,
multi_targeted_non_malicious,2,RF,BBA-targeted-benign,0.3,3,0.9305555555555556,0.930429889268475,0.4161425576519916,0.32905573939530564,0.514412997903564,0.8443010752688173,0.8710691823899371,6,716,2325,,,,170.0,280.0,200.0,
multi_targeted_non_malicious,2,RF,DBA-style-targeted-benign,0.3,3,0.9305555555555556,0.930429889268475,0.9132599580712788,0.9130245765448196,0.01729559748427678,0.02838709677419355,0.8710691823899371,6,716,2325,,,,,,,175.0
multi_targeted_non_malicious,2,DT,FGSM-SNN-targeted-benign,0.05,3,0.8983228511530398,0.8985652326790585,0.38259958071278827,0.30473359574401976,0.5157232704402515,0.5969750889679716,0.8419811320754716,6,716,2248,,,,,,,
multi_targeted_non_malicious,2,DT,PGD-10-SNN-targeted-benign,0.05,3,0.8983228511530398,0.8985652326790585,0.4261006289308176,0.3627240784913818,0.47222222222222215,0.6178825622775801,0.8419811320754716,6,716,2248,10.0,3.0,0.1,,,,
multi_targeted_non_malicious,2,DT,PGD-20-SNN-targeted-benign,0.05,3,0.8983228511530398,0.8985652326790585,0.4350104821802935,0.37373487702651786,0.4633123689727463,0.6334519572953736,0.8419811320754716,6,716,2248,20.0,9.5,0.031578947368421054,,,,
multi_targeted_non_malicious,2,DT,BBA-targeted-benign,0.05,3,0.8983228511530398,0.8985652326790585,0.3508909853249476,0.23884714653178016,0.5474318658280921,0.9292704626334519,0.8419811320754716,6,716,2248,,,,80.0,160.0,115.0,
multi_targeted_non_malicious,2,DT,DBA-style-targeted-benign,0.05,3,0.8983228511530398,0.8985652326790585,0.5057651991614256,0.47050154758240537,0.3925576519916142,0.6663701067615658,0.8419811320754716,6,716,2248,,,,,,,105.0
multi_targeted_non_malicious,2,DT,FGSM-SNN-targeted-benign,0.1,3,0.8983228511530398,0.8985652326790585,0.35455974842767296,0.2602024779114693,0.5437631027253669,0.6570284697508897,0.8419811320754716,6,716,2248,,,,,,,
multi_targeted_non_malicious,2,DT,PGD-10-SNN-targeted-benign,0.1,3,0.8983228511530398,0.8985652326790585,0.42426624737945495,0.35765212686373843,0.47405660377358483,0.6730427046263345,0.8419811320754716,6,716,2248,10.0,3.0,0.1,,,,
multi_targeted_non_malicious,2,DT,PGD-20-SNN-targeted-benign,0.1,3,0.8983228511530398,0.8985652326790585,0.41273584905660377,0.3426391629458268,0.485587002096436,0.7268683274021353,0.8419811320754716,6,716,2248,20.0,9.5,0.031578947368421054,,,,
multi_targeted_non_malicious,2,DT,BBA-targeted-benign,0.1,3,0.8983228511530398,0.8985652326790585,0.31551362683438156,0.17965219052659537,0.5828092243186582,0.9893238434163701,0.8419811320754716,6,716,2248,,,,80.0,160.0,115.0,
multi_targeted_non_malicious,2,DT,DBA-style-targeted-benign,0.1,3,0.8983228511530398,0.8985652326790585,0.4908280922431866,0.4528677193435069,0.4074947589098532,0.6917259786476868,0.8419811320754716,6,716,2248,,,,,,,105.0
multi_targeted_non_malicious,2,DT,FGSM-SNN-targeted-benign,0.2,3,0.8983228511530398,0.8985652326790585,0.3417190775681342,0.23506519606452905,0.5566037735849056,0.6854982206405694,0.8419811320754716,6,716,2248,,,,,,,
multi_targeted_non_malicious,2,DT,PGD-10-SNN-targeted-benign,0.2,3,0.8983228511530398,0.8985652326790585,0.43265199161425577,0.3517075889437579,0.465670859538784,0.6828291814946619,0.8419811320754716,6,716,2248,10.0,3.0,0.1,,,,
multi_targeted_non_malicious,2,DT,PGD-20-SNN-targeted-benign,0.2,3,0.8983228511530398,0.8985652326790585,0.4161425576519916,0.3312290422222043,0.4821802935010482,0.699288256227758,0.8419811320754716,6,716,2248,20.0,9.5,0.031578947368421054,,,,
multi_targeted_non_malicious,2,DT,BBA-targeted-benign,0.2,3,0.8983228511530398,0.8985652326790585,0.3107966457023061,0.17017995616327083,0.5875262054507338,0.9973309608540926,0.8419811320754716,6,716,2248,,,,80.0,160.0,115.0,
multi_targeted_non_malicious,2,DT,DBA-style-targeted-benign,0.2,3,0.8983228511530398,0.8985652326790585,0.4834905660377358,0.44319812839040723,0.41483228511530396,0.7041814946619217,0.8419811320754716,6,716,2248,,,,,,,105.0
multi_targeted_non_malicious,2,DT,FGSM-SNN-targeted-benign,0.3,3,0.8983228511530398,0.8985652326790585,0.3380503144654088,0.23029810226847838,0.560272536687631,0.6908362989323843,0.8419811320754716,6,716,2248,,,,,,,
multi_targeted_non_malicious,2,DT,PGD-10-SNN-targeted-benign,0.3,3,0.8983228511530398,0.8985652326790585,0.47038784067085954,0.3926198020117072,0.42793501048218024,0.5538256227758007,0.8419811320754716,6,716,2248,10.0,3.0,0.1,,,,
multi_targeted_non_malicious,2,DT,PGD-20-SNN-targeted-benign,0.3,3,0.8983228511530398,0.8985652326790585,0.4491614255765199,0.3697539927941535,0.4491614255765199,0.5369217081850534,0.8419811320754716,6,716,2248,20.0,9.5,0.031578947368421054,,,,
multi_targeted_non_malicious,2,DT,BBA-targeted-benign,0.3,3,0.8983228511530398,0.8985652326790585,0.3100104821802935,0.16868391861947357,0.5883123689727463,0.9986654804270463,0.8419811320754716,6,716,2248,,,,80.0,160.0,115.0,
multi_targeted_non_malicious,2,DT,DBA-style-targeted-benign,0.3,3,0.8983228511530398,0.8985652326790585,0.48165618448637315,0.44048789763344864,0.41666666666666663,0.7072953736654805,0.8419811320754716,6,716,2248,,,,,,,105.0
multi_targeted_non_malicious,2,XGBoost,FGSM-SNN-targeted-benign,0.05,3,0.945230607966457,0.9451749132261098,0.5133647798742138,0.4355119253809475,0.43186582809224316,0.46774193548387094,0.8621593291404612,6,716,2356,,,,,,,
multi_targeted_non_malicious,2,XGBoost,PGD-10-SNN-targeted-benign,0.05,3,0.945230607966457,0.9451749132261098,0.49318658280922434,0.41555409339466665,0.45204402515723263,0.5997453310696095,0.8621593291404612,6,716,2356,10.0,8.0,0.0375,,,,
multi_targeted_non_malicious,2,XGBoost,PGD-20-SNN-targeted-benign,0.05,3,0.945230607966457,0.9451749132261098,0.4882075471698113,0.40476465309466475,0.4570230607966457,0.6022920203735145,0.8621593291404612,6,716,2356,20.0,15.5,0.01935483870967742,,,,
multi_targeted_non_malicious,2,XGBoost,BBA-targeted-benign,0.05,3,0.945230607966457,0.9451749132261098,0.5102201257861635,0.4697799771588335,0.4350104821802935,0.7045840407470289,0.8621593291404612,6,716,2356,,,,170.0,170.0,165.0,
multi_targeted_non_malicious,2,XGBoost,DBA-style-targeted-benign,0.05,3,0.945230607966457,0.9451749132261098,0.8901991614255765,0.8903023358948047,0.055031446540880435,0.08913412563667232,0.8621593291404612,6,716,2356,,,,,,,160.0
multi_targeted_non_malicious,2,XGBoost,FGSM-SNN-targeted-benign,0.1,3,0.945230607966457,0.9451749132261098,0.44654088050314467,0.3487121442819401,0.4986897274633123,0.6519524617996605,0.8621593291404612,6,716,2356,,,,,,,
multi_targeted_non_malicious,2,XGBoost,PGD-10-SNN-targeted-benign,0.1,3,0.945230607966457,0.9451749132261098,0.4769392033542977,0.3874572299313092,0.4682914046121593,0.6880305602716469,0.8621593291404612,6,716,2356,10.0,8.0,0.0375,,,,
multi_targeted_non_malicious,2,XGBoost,PGD-20-SNN-targeted-benign,0.1,3,0.945230607966457,0.9451749132261098,0.4782494758909853,0.38866339919958875,0.46698113207547165,0.684634974533107,0.8621593291404612,6,716,2356,20.0,15.5,0.01935483870967742,,,,
multi_targeted_non_malicious,2,XGBoost,BBA-targeted-benign,0.1,3,0.945230607966457,0.9451749132261098,0.4059224318658281,0.3106025944444506,0.5393081761006289,0.8735144312393888,0.8621593291404612,6,716,2356,,,,170.0,170.0,165.0,
multi_targeted_non_malicious,2,XGBoost,DBA-style-targeted-benign,0.1,3,0.945230607966457,0.9451749132261098,0.8886268343815513,0.8887737944688521,0.05660377358490565,0.09168081494057725,0.8621593291404612,6,716,2356,,,,,,,160.0
multi_targeted_non_malicious,2,XGBoost,FGSM-SNN-targeted-benign,0.2,3,0.945230607966457,0.9451749132261098,0.4226939203354298,0.3201398287018347,0.5225366876310271,0.715195246179966,0.8621593291404612,6,716,2356,,,,,,,
multi_targeted_non_malicious,2,XGBoost,PGD-10-SNN-targeted-benign,0.2,3,0.945230607966457,0.9451749132261098,0.4777253668763103,0.39046296167366895,0.4675052410901467,0.7028862478777589,0.8621593291404612,6,716,2356,10.0,8.0,0.0375,,,,
multi_targeted_non_malicious,2,XGBoost,PGD-20-SNN-targeted-benign,0.2,3,0.945230607966457,0.9451749132261098,0.4892557651991614,0.4037123170511222,0.45597484276729555,0.683786078098472,0.8621593291404612,6,716,2356,20.0,15.5,0.01935483870967742,,,,
multi_targeted_non_malicious,2,XGBoost,BBA-targeted-benign,0.2,3,0.945230607966457,0.9451749132261098,0.42348008385744235,0.3315656001254021,0.5217505241090146,0.8450764006791172,0.8621593291404612,6,716,2356,,,,170.0,170.0,165.0,
multi_targeted_non_malicious,2,XGBoost,DBA-style-targeted-benign,0.2,3,0.945230607966457,0.9451749132261098,0.8881027253668763,0.8882398636737107,0.05712788259958068,0.09252971137521222,0.8621593291404612,6,716,2356,,,,,,,160.0
multi_targeted_non_malicious,2,XGBoost,FGSM-SNN-targeted-benign,0.3,3,0.945230607966457,0.9451749132261098,0.4109014675052411,0.3051778549585887,0.5343291404612158,0.7143463497453311,0.8621593291404612,6,716,2356,,,,,,,
multi_targeted_non_malicious,2,XGBoost,PGD-10-SNN-targeted-benign,0.3,3,0.945230607966457,0.9451749132261098,0.48427672955974843,0.3996109183088679,0.46095387840670854,0.652376910016978,0.8621593291404612,6,716,2356,10.0,8.0,0.0375,,,,
multi_targeted_non_malicious,2,XGBoost,PGD-20-SNN-targeted-benign,0.3,3,0.945230607966457,0.9451749132261098,0.5,0.41631133025531536,0.44523060796645697,0.615025466893039,0.8621593291404612,6,716,2356,20.0,15.5,0.01935483870967742,,,,
multi_targeted_non_malicious,2,XGBoost,BBA-targeted-benign,0.3,3,0.945230607966457,0.9451749132261098,0.41745283018867924,0.3230514791384975,0.5277777777777777,0.8548387096774194,0.8621593291404612,6,716,2356,,,,170.0,170.0,165.0,
multi_targeted_non_malicious,2,XGBoost,DBA-style-targeted-benign,0.3,3,0.945230607966457,0.9451749132261098,0.8870545073375262,0.8871712200539642,0.05817610062893075,0.09422750424448217,0.8621593291404612,6,716,2356,,,,,,,160.0
multi_targeted_non_malicious,2,LightGBM,FGSM-SNN-targeted-benign,0.05,3,0.949685534591195,0.949642993997103,0.535377358490566,0.4484839932765139,0.414308176100629,0.4521591871295512,0.8679245283018868,6,716,2362,,,,,,,
multi_targeted_non_malicious,2,LightGBM,PGD-10-SNN-targeted-benign,0.05,3,0.949685534591195,0.949642993997103,0.5529350104821803,0.47724374539868697,0.3967505241090147,0.4055884843353091,0.8679245283018868,6,716,2362,10.0,3.0,0.1,,,,
multi_targeted_non_malicious,2,LightGBM,PGD-20-SNN-targeted-benign,0.05,3,0.949685534591195,0.949642993997103,0.5531970649895178,0.46662614858081275,0.39648846960167716,0.3966977138018628,0.8679245283018868,6,716,2362,20.0,17.0,0.01764705882352941,,,,
multi_targeted_non_malicious,2,LightGBM,BBA-targeted-benign,0.05,3,0.949685534591195,0.949642993997103,0.39622641509433965,0.2917152783938678,0.5534591194968553,0.8941574936494496,0.8679245283018868,6,716,2362,,,,200.0,130.0,120.0,
multi_targeted_non_malicious,2,LightGBM,DBA-style-targeted-benign,0.05,3,0.949685534591195,0.949642993997103,0.7764675052410901,0.7568235160762514,0.17321802935010489,0.2798475867908552,0.8679245283018868,6,716,2362,,,,,,,35.0
multi_targeted_non_malicious,2,LightGBM,FGSM-SNN-targeted-benign,0.1,3,0.949685534591195,0.949642993997103,0.49633123689727465,0.40385511449738276,0.4533542976939203,0.5825571549534293,0.8679245283018868,6,716,2362,,,,,,,
multi_targeted_non_malicious,2,LightGBM,PGD-10-SNN-targeted-benign,0.1,3,0.949685534591195,0.949642993997103,0.54979035639413,0.4623925824702488,0.399895178197065,0.45935647756138864,0.8679245283018868,6,716,2362,10.0,3.0,0.1,,,,
multi_targeted_non_malicious,2,LightGBM,PGD-20-SNN-targeted-benign,0.1,3,0.949685534591195,0.949642993997103,0.540356394129979,0.44905027928968316,0.40932914046121593,0.434801016088061,0.8679245283018868,6,716,2362,20.0,17.0,0.01764705882352941,,,,
multi_targeted_non_malicious,2,LightGBM,BBA-targeted-benign,0.1,3,0.949685534591195,0.949642993997103,0.3697589098532495,0.24620260977765016,0.5799266247379455,0.936917866215072,0.8679245283018868,6,716,2362,,,,200.0,130.0,120.0,
multi_targeted_non_malicious,2,LightGBM,DBA-style-targeted-benign,0.1,3,0.949685534591195,0.949642993997103,0.7751572327044025,0.7551204521370324,0.17452830188679247,0.2819644369178662,0.8679245283018868,6,716,2362,,,,,,,35.0
multi_targeted_non_malicious,2,LightGBM,FGSM-SNN-targeted-benign,0.2,3,0.949685534591195,0.949642993997103,0.4491614255765199,0.355389818118197,0.500524109014675,0.6481795088907706,0.8679245283018868,6,716,2362,,,,,,,
multi_targeted_non_malicious,2,LightGBM,PGD-10-SNN-targeted-benign,0.2,3,0.949685534591195,0.949642993997103,0.6210691823899371,0.5319734580847937,0.32861635220125784,0.22946655376799321,0.8679245283018868,6,716,2362,10.0,3.0,0.1,,,,
multi_targeted_non_malicious,2,LightGBM,PGD-20-SNN-targeted-benign,0.2,3,0.949685534591195,0.949642993997103,0.5867400419287212,0.4892736134389567,0.3629454926624738,0.35182049110922947,0.8679245283018868,6,716,2362,20.0,17.0,0.01764705882352941,,,,
multi_targeted_non_malicious,2,LightGBM,BBA-targeted-benign,0.2,3,0.949685534591195,0.949642993997103,0.36556603773584906,0.2388762551943754,0.5841194968553459,0.9436917866215072,0.8679245283018868,6,716,2362,,,,200.0,130.0,120.0,
multi_targeted_non_malicious,2,LightGBM,DBA-style-targeted-benign,0.2,3,0.949685534591195,0.949642993997103,0.7738469601677149,0.7547584762566554,0.17583857442348005,0.28408128704487723,0.8679245283018868,6,716,2362,,,,,,,35.0
multi_targeted_non_malicious,2,LightGBM,FGSM-SNN-targeted-benign,0.3,3,0.949685534591195,0.949642993997103,0.4363207547169811,0.3439809387653559,0.5133647798742138,0.6388653683319221,0.8679245283018868,6,716,2362,,,,,,,
multi_targeted_non_malicious,2,LightGBM,PGD-10-SNN-targeted-benign,0.3,3,0.949685534591195,0.949642993997103,0.6333857442348009,0.548857051701043,0.3162997903563941,0.16977138018628282,0.8679245283018868,6,716,2362,10.0,3.0,0.1,,,,
multi_targeted_non_malicious,2,LightGBM,PGD-20-SNN-targeted-benign,0.3,3,0.949685534591195,0.949642993997103,0.5773060796645703,0.48798718191562407,0.3723794549266247,0.35647756138865366,0.8679245283018868,6,716,2362,20.0,17.0,0.01764705882352941,,,,
multi_targeted_non_malicious,2,LightGBM,BBA-targeted-benign,0.3,3,0.949685534591195,0.949642993997103,0.35980083857442346,0.22888194083135682,0.5898846960167715,0.9530059271803556,0.8679245283018868,6,716,2362,,,,200.0,130.0,120.0,
multi_targeted_non_malicious,2,LightGBM,DBA-style-targeted-benign,0.3,3,0.949685534591195,0.949642993997103,0.7738469601677149,0.7547584762566554,0.17583857442348005,0.28408128704487723,0.8679245283018868,6,716,2362,,,,,,,35.0
multi_targeted_non_malicious,3,RF,FGSM-SNN-targeted-benign,0.05,3,0.9289832285115304,0.928842402546985,0.5592243186582809,0.49921757141024986,0.36975890985324944,0.39165950128976784,0.8697589098532494,6,716,2326,,,,,,,
multi_targeted_non_malicious,3,RF,PGD-10-SNN-targeted-benign,0.05,3,0.9289832285115304,0.928842402546985,0.5723270440251572,0.5073093398813863,0.35665618448637315,0.41616509028374893,0.8697589098532494,6,716,2326,10.0,10.0,0.03,,,,
multi_targeted_non_malicious,3,RF,PGD-20-SNN-targeted-benign,0.05,3,0.9289832285115304,0.928842402546985,0.5691823899371069,0.5030264661336302,0.35980083857442346,0.4294926913155632,0.8697589098532494,6,716,2326,20.0,19.0,0.015789473684210527,,,,
multi_targeted_non_malicious,3,RF,BBA-targeted-benign,0.05,3,0.9289832285115304,0.928842402546985,0.7313941299790356,0.708654368868265,0.19758909853249473,0.3241616509028375,0.8697589098532494,6,716,2326,,,,170.0,280.0,200.0,
multi_targeted_non_malicious,3,RF,DBA-style-targeted-benign,0.05,3,0.9289832285115304,0.928842402546985,0.9135220125786163,0.9133256480802111,0.015461215932914052,0.02536543422184007,0.8697589098532494,6,716,2326,,,,,,,175.0
multi_targeted_non_malicious,3,RF,FGSM-SNN-targeted-benign,0.1,3,0.9289832285115304,0.928842402546985,0.539308176100629,0.45809808051953643,0.3896750524109014,0.4896818572656922,0.8697589098532494,6,716,2326,,,,,,,
multi_targeted_non_malicious,3,RF,PGD-10-SNN-targeted-benign,0.1,3,0.9289832285115304,0.928842402546985,0.5576519916142557,0.4631090862438553,0.37133123689727465,0.4961306964746346,0.8697589098532494,6,716,2326,10.0,10.0,0.03,,,,
multi_targeted_non_malicious,3,RF,PGD-20-SNN-targeted-benign,0.1,3,0.9289832285115304,0.928842402546985,0.5621069182389937,0.4669439413715844,0.36687631027253664,0.4871023215821152,0.8697589098532494,6,716,2326,20.0,19.0,0.015789473684210527,,,,
multi_targeted_non_malicious,3,RF,BBA-targeted-benign,0.1,3,0.9289832285115304,0.928842402546985,0.644916142557652,0.6268060537009302,0.2840670859538784,0.4660361134995701,0.8697589098532494,6,716,2326,,,,170.0,280.0,200.0,
multi_targeted_non_malicious,3,RF,DBA-style-targeted-benign,0.1,3,0.9289832285115304,0.928842402546985,0.9135220125786163,0.9133256480802111,0.015461215932914052,0.02536543422184007,0.8697589098532494,6,716,2326,,,,,,,175.0
multi_targeted_non_malicious,3,RF,FGSM-SNN-targeted-benign,0.2,3,0.9289832285115304,0.928842402546985,0.5191299790356394,0.4352691563347738,0.40985324947589097,0.5623387790197765,0.8697589098532494,6,716,2326,,,,,,,
multi_targeted_non_malicious,3,RF,PGD-10-SNN-targeted-benign,0.2,3,0.9289832285115304,0.928842402546985,0.5822851153039832,0.48535214050344405,0.3466981132075472,0.4828030954428203,0.8697589098532494,6,716,2326,10.0,10.0,0.03,,,,
multi_targeted_non_malicious,3,RF,PGD-20-SNN-targeted-benign,0.2,3,0.9289832285115304,0.928842402546985,0.5862159329140462,0.48849096614988907,0.3427672955974842,0.4759243336199484,0.8697589098532494,6,716,2326,20.0,19.0,0.015789473684210527,,,,
multi_targeted_non_malicious,3,RF,BBA-targeted-benign,0.2,3,0.9289832285115304,0.928842402546985,0.49344863731656186,0.4485259390967602,0.4355345911949685,0.7145313843508169,0.8697589098532494,6,716,2326,,,,170.0,280.0,200.0,
multi_targeted_non_malicious,3,RF,DBA-style-targeted-benign,0.2,3,0.9289832285115304,0.928842402546985,0.9132599580712788,0.9130614925103151,0.01572327044025157,0.025795356835769563,0.8697589098532494,6,716,2326,,,,,,,175.0
multi_targeted_non_malicious,3,RF,FGSM-SNN-targeted-benign,0.3,3,0.9289832285115304,0.928842402546985,0.5065513626834381,0.4213131523413894,0.4224318658280922,0.5782459157351677,0.8697589098532494,6,716,2326,,,,,,,
multi_targeted_non_malicious,3,RF,PGD-10-SNN-targeted-benign,0.3,3,0.9289832285115304,0.928842402546985,0.5909329140461216,0.49022679834307137,0.3380503144654088,0.43895098882201206,0.8697589098532494,6,716,2326,10.0,10.0,0.03,,,,
multi_targeted_non_malicious,3,RF,PGD-20-SNN-targeted-benign,0.3,3,0.9289832285115304,0.928842402546985,0.595125786163522,0.4941905255257386,0.3338574423480084,0.43594153052450557,0.8697589098532494,6,716,2326,20.0,19.0,0.015789473684210527,,,,
multi_targeted_non_malicious,3,RF,BBA-targeted-benign,0.3,3,0.9289832285115304,0.928842402546985,0.4418238993710692,0.3657146917556756,0.4871593291404612,0.7992261392949269,0.8697589098532494,6,716,2326,,,,170.0,280.0,200.0,
multi_targeted_non_malicious,3,RF,DBA-style-targeted-benign,0.3,3,0.9289832285115304,0.928842402546985,0.9129979035639413,0.9127973013377468,0.015985324947589086,0.026225279449699053,0.8697589098532494,6,716,2326,,,,,,,175.0
multi_targeted_non_malicious,3,DT,FGSM-SNN-targeted-benign,0.05,3,0.8967505241090147,0.8969496215041644,0.4879454926624738,0.4226235147861552,0.4088050314465409,0.4436967249887842,0.8440775681341719,6,716,2229,,,,,,,
multi_targeted_non_malicious,3,DT,PGD-10-SNN-targeted-benign,0.05,3,0.8967505241090147,0.8969496215041644,0.4971174004192872,0.44885689590087746,0.3996331236897275,0.5374607447285779,0.8440775681341719,6,716,2229,10.0,3.0,0.1,,,,
multi_targeted_non_malicious,3,DT,PGD-20-SNN-targeted-benign,0.05,3,0.8967505241090147,0.8969496215041644,0.4730083857442348,0.40522880476021295,0.42374213836477986,0.5625841184387618,0.8440775681341719,6,716,2229,20.0,9.5,0.031578947368421054,,,,
multi_targeted_non_malicious,3,DT,BBA-targeted-benign,0.05,3,0.8967505241090147,0.8969496215041644,0.3668763102725367,0.26061482798222,0.529874213836478,0.9071332436069987,0.8440775681341719,6,716,2229,,,,80.0,160.0,115.0,
multi_targeted_non_malicious,3,DT,DBA-style-targeted-benign,0.05,3,0.8967505241090147,0.8969496215041644,0.514937106918239,0.4784325524594852,0.38181341719077566,0.6536563481381785,0.8440775681341719,6,716,2229,,,,,,,105.0
multi_targeted_non_malicious,3,DT,FGSM-SNN-targeted-benign,0.1,3,0.8967505241090147,0.8969496215041644,0.48846960167714887,0.42286172109282155,0.4082809224318658,0.48811126065500227,0.8440775681341719,6,716,2229,,,,,,,
multi_targeted_non_malicious,3,DT,PGD-10-SNN-targeted-benign,0.1,3,0.8967505241090147,0.8969496215041644,0.4910901467505241,0.4364565016595873,0.4056603773584906,0.5832211754149843,0.8440775681341719,6,716,2229,10.0,3.0,0.1,,,,
multi_targeted_non_malicious,3,DT,PGD-20-SNN-targeted-benign,0.1,3,0.8967505241090147,0.8969496215041644,0.46567085953878407,0.3920598101429748,0.4310796645702306,0.6321220278151638,0.8440775681341719,6,716,2229,20.0,9.5,0.031578947368421054,,,,
multi_targeted_non_malicious,3,DT,BBA-targeted-benign,0.1,3,0.8967505241090147,0.8969496215041644,0.3259958071278826,0.1944151759023031,0.570754716981132,0.9771197846567967,0.8440775681341719,6,716,2229,,,,80.0,160.0,115.0,
multi_targeted_non_malicious,3,DT,DBA-style-targeted-benign,0.1,3,0.8967505241090147,0.8969496215041644,0.495020964360587,0.45536281690520247,0.40172955974842767,0.6877523553162853,0.8440775681341719,6,716,2229,,,,,,,105.0
multi_targeted_non_malicious,3,DT,FGSM-SNN-targeted-benign,0.2,3,0.8967505241090147,0.8969496215041644,0.4918763102725367,0.4195944486045204,0.404874213836478,0.5118887393449978,0.8440775681341719,6,716,2229,,,,,,,
multi_targeted_non_malicious,3,DT,PGD-10-SNN-targeted-benign,0.2,3,0.8967505241090147,0.8969496215041644,0.4879454926624738,0.40982564122986354,0.4088050314465409,0.6173171825930911,0.8440775681341719,6,716,2229,10.0,3.0,0.1,,,,
multi_targeted_non_malicious,3,DT,PGD-20-SNN-targeted-benign,0.2,3,0.8967505241090147,0.8969496215041644,0.4779874213836478,0.40107919709530265,0.4187631027253669,0.642440556303275,0.8440775681341719,6,716,2229,20.0,9.5,0.031578947368421054,,,,
multi_targeted_non_malicious,3,DT,BBA-targeted-benign,0.2,3,0.8967505241090147,0.8969496215041644,0.3128930817610063,0.16904905202056084,0.5838574423480084,0.9995513683266039,0.8440775681341719,6,716,2229,,,,80.0,160.0,115.0,
multi_targeted_non_malicious,3,DT,DBA-style-targeted-benign,0.2,3,0.8967505241090147,0.8969496215041644,0.49292452830188677,0.4526027095013235,0.4038259958071279,0.6913414087034545,0.8440775681341719,6,716,2229,,,,,,,105.0
multi_targeted_non_malicious,3,DT,FGSM-SNN-targeted-benign,0.3,3,0.8967505241090147,0.8969496215041644,0.49344863731656186,0.4237829329992288,0.4033018867924528,0.4979811574697174,0.8440775681341719,6,716,2229,,,,,,,
multi_targeted_non_malicious,3,DT,PGD-10-SNN-targeted-benign,0.3,3,0.8967505241090147,0.8969496215041644,0.5041928721174004,0.4318867758766259,0.3925576519916143,0.5244504262000897,0.8440775681341719,6,716,2229,10.0,3.0,0.1,,,,
multi_targeted_non_malicious,3,DT,PGD-20-SNN-targeted-benign,0.3,3,0.8967505241090147,0.8969496215041644,0.5057651991614256,0.4324140910971575,0.3909853249475891,0.5132346343651862,0.8440775681341719,6,716,2229,20.0,9.5,0.031578947368421054,,,,
multi_targeted_non_malicious,3,DT,BBA-targeted-benign,0.3,3,0.8967505241090147,0.8969496215041644,0.3128930817610063,0.16904905202056084,0.5838574423480084,0.9995513683266039,0.8440775681341719,6,716,2229,,,,80.0,160.0,115.0,
multi_targeted_non_malicious,3,DT,DBA-style-targeted-benign,0.3,3,0.8967505241090147,0.8969496215041644,0.4918763102725367,0.4509869870583392,0.404874213836478,0.693135935397039,0.8440775681341719,6,716,2229,,,,,,,105.0
multi_targeted_non_malicious,3,XGBoost,FGSM-SNN-targeted-benign,0.05,3,0.9473270440251572,0.9472885483991602,0.5455974842767296,0.46662266676173614,0.4017295597484276,0.3991507430997877,0.8590146750524109,6,716,2355,,,,,,,
multi_targeted_non_malicious,3,XGBoost,PGD-10-SNN-targeted-benign,0.05,3,0.9473270440251572,0.9472885483991602,0.5676100628930818,0.47877918758483134,0.3797169811320754,0.4169851380042463,0.8590146750524109,6,716,2355,10.0,8.0,0.0375,,,,
multi_targeted_non_malicious,3,XGBoost,PGD-20-SNN-targeted-benign,0.05,3,0.9473270440251572,0.9472885483991602,0.5694444444444444,0.4787172928409967,0.3778825995807128,0.42547770700636944,0.8590146750524109,6,716,2355,20.0,15.5,0.01935483870967742,,,,
multi_targeted_non_malicious,3,XGBoost,BBA-targeted-benign,0.05,3,0.9473270440251572,0.9472885483991602,0.48427672955974843,0.42523840912440947,0.4630503144654088,0.7503184713375797,0.8590146750524109,6,716,2355,,,,170.0,170.0,165.0,
multi_targeted_non_malicious,3,XGBoost,DBA-style-targeted-benign,0.05,3,0.9473270440251572,0.9472885483991602,0.8936058700209644,0.8935066526772396,0.05372117400419285,0.0870488322717622,0.8590146750524109,6,716,2355,,,,,,,160.0
multi_targeted_non_malicious,3,XGBoost,FGSM-SNN-targeted-benign,0.1,3,0.9473270440251572,0.9472885483991602,0.5138888888888888,0.4208386286005007,0.4334381551362684,0.45520169851380043,0.8590146750524109,6,716,2355,,,,,,,
multi_targeted_non_malicious,3,XGBoost,PGD-10-SNN-targeted-benign,0.1,3,0.9473270440251572,0.9472885483991602,0.5780922431865828,0.4766916287362603,0.3692348008385744,0.4182590233545648,0.8590146750524109,6,716,2355,10.0,8.0,0.0375,,,,
multi_targeted_non_malicious,3,XGBoost,PGD-20-SNN-targeted-benign,0.1,3,0.9473270440251572,0.9472885483991602,0.5820230607966457,0.4807287637724687,0.36530398322851154,0.41868365180467093,0.8590146750524109,6,716,2355,20.0,15.5,0.01935483870967742,,,,
multi_targeted_non_malicious,3,XGBoost,BBA-targeted-benign,0.1,3,0.9473270440251572,0.9472885483991602,0.4192872117400419,0.33036952089919197,0.5280398322851153,0.8556263269639066,0.8590146750524109,6,716,2355,,,,170.0,170.0,165.0,
multi_targeted_non_malicious,3,XGBoost,DBA-style-targeted-benign,0.1,3,0.9473270440251572,0.9472885483991602,0.8928197064989518,0.8928034235113163,0.0545073375262054,0.08832271762208067,0.8590146750524109,6,716,2355,,,,,,,160.0
multi_targeted_non_malicious,3,XGBoost,FGSM-SNN-targeted-benign,0.2,3,0.9473270440251572,0.9472885483991602,0.48139412997903563,0.3815443156119027,0.4659329140461216,0.5227176220806794,0.8590146750524109,6,716,2355,,,,,,,
multi_targeted_non_malicious,3,XGBoost,PGD-10-SNN-targeted-benign,0.2,3,0.9473270440251572,0.9472885483991602,0.5932914046121593,0.49478863702699316,0.35403563941299787,0.42462845010615713,0.8590146750524109,6,716,2355,10.0,8.0,0.0375,,,,
multi_targeted_non_malicious,3,XGBoost,PGD-20-SNN-targeted-benign,0.2,3,0.9473270440251572,0.9472885483991602,0.5985324947589099,0.49800475421319446,0.3487945492662473,0.4110403397027601,0.8590146750524109,6,716,2355,20.0,15.5,0.01935483870967742,,,,
multi_targeted_non_malicious,3,XGBoost,BBA-targeted-benign,0.2,3,0.9473270440251572,0.9472885483991602,0.3922955974842767,0.2843802849624539,0.5550314465408805,0.8993630573248408,0.8590146750524109,6,716,2355,,,,170.0,170.0,165.0,
multi_targeted_non_malicious,3,XGBoost,DBA-style-targeted-benign,0.2,3,0.9473270440251572,0.9472885483991602,0.8930817610062893,0.8929650970564188,0.054245283018867885,0.08789808917197452,0.8590146750524109,6,716,2355,,,,,,,160.0
multi_targeted_non_malicious,3,XGBoost,FGSM-SNN-targeted-benign,0.3,3,0.9473270440251572,0.9472885483991602,0.4606918238993711,0.36051169925221827,0.48663522012578614,0.5732484076433121,0.8590146750524109,6,716,2355,,,,,,,
multi_targeted_non_malicious,3,XGBoost,PGD-10-SNN-targeted-benign,0.3,3,0.9473270440251572,0.9472885483991602,0.595125786163522,0.49795467719113634,0.35220125786163525,0.408067940552017,0.8590146750524109,6,716,2355,10.0,8.0,0.0375,,,,
multi_targeted_non_malicious,3,XGBoost,PGD-20-SNN-targeted-benign,0.3,3,0.9473270440251572,0.9472885483991602,0.6003668763102725,0.5029393550094331,0.3469601677148847,0.4029723991507431,0.8590146750524109,6,716,2355,20.0,15.5,0.01935483870967742,,,,
multi_targeted_non_malicious,3,XGBoost,BBA-targeted-benign,0.3,3,0.9473270440251572,0.9472885483991602,0.39019916142557654,0.2806026422144021,0.5571278825995807,0.90276008492569,0.8590146750524109,6,716,2355,,,,170.0,170.0,165.0,
multi_targeted_non_malicious,3,XGBoost,DBA-style-targeted-benign,0.3,3,0.9473270440251572,0.9472885483991602,0.8925576519916143,0.8924607053006072,0.05476939203354292,0.08874734607218683,0.8590146750524109,6,716,2355,,,,,,,160.0
multi_targeted_non_malicious,3,LightGBM,FGSM-SNN-targeted-benign,0.05,3,0.9494234800838575,0.9493965222691838,0.4334381551362683,0.33955291296924717,0.5159853249475892,0.6797966963151207,0.8694968553459119,6,716,2361,,,,,,,
multi_targeted_non_malicious,3,LightGBM,PGD-10-SNN-targeted-benign,0.05,3,0.9494234800838575,0.9493965222691838,0.45964360587002095,0.37012848664981896,0.4897798742138365,0.6437950021177468,0.8694968553459119,6,716,2361,10.0,3.0,0.1,,,,
multi_targeted_non_malicious,3,LightGBM,PGD-20-SNN-targeted-benign,0.05,3,0.9494234800838575,0.9493965222691838,0.45151991614255765,0.3593525846063234,0.4979035639412998,0.6459127488352393,0.8694968553459119,6,716,2361,20.0,17.0,0.01764705882352941,,,,
multi_targeted_non_malicious,3,LightGBM,BBA-targeted-benign,0.05,3,0.9494234800838575,0.9493965222691838,0.36477987421383645,0.23886135416848686,0.5846436058700211,0.9449385853451927,0.8694968553459119,6,716,2361,,,,200.0,130.0,120.0,
multi_targeted_non_malicious,3,LightGBM,DBA-style-targeted-benign,0.05,3,0.9494234800838575,0.9493965222691838,0.7570754716981132,0.726559196877465,0.19234800838574428,0.3108852181279119,0.8694968553459119,6,716,2361,,,,,,,35.0
multi_targeted_non_malicious,3,LightGBM,FGSM-SNN-targeted-benign,0.1,3,0.9494234800838575,0.9493965222691838,0.4258385744234801,0.32594777995762875,0.5235849056603774,0.7335874629394324,0.8694968553459119,6,716,2361,,,,,,,
multi_targeted_non_malicious,3,LightGBM,PGD-10-SNN-targeted-benign,0.1,3,0.9494234800838575,0.9493965222691838,0.5010482180293501,0.4099798686111456,0.4483752620545074,0.5904277848369335,0.8694968553459119,6,716,2361,10.0,3.0,0.1,,,,
multi_targeted_non_malicious,3,LightGBM,PGD-20-SNN-targeted-benign,0.1,3,0.9494234800838575,0.9493965222691838,0.4832285115303983,0.3891655167037335,0.46619496855345915,0.6213468869123253,0.8694968553459119,6,716,2361,20.0,17.0,0.01764705882352941,,,,
multi_targeted_non_malicious,3,LightGBM,BBA-targeted-benign,0.1,3,0.9494234800838575,0.9493965222691838,0.3519392033542977,0.2148367943506459,0.5974842767295598,0.96569250317662,0.8694968553459119,6,716,2361,,,,200.0,130.0,120.0,
multi_targeted_non_malicious,3,LightGBM,DBA-style-targeted-benign,0.1,3,0.9494234800838575,0.9493965222691838,0.7565513626834381,0.725374239183919,0.19287211740041932,0.3117323168149089,0.8694968553459119,6,716,2361,,,,,,,35.0
multi_targeted_non_malicious,3,LightGBM,FGSM-SNN-targeted-benign,0.2,3,0.9494234800838575,0.9493965222691838,0.4166666666666667,0.3120219800978643,0.5327568134171907,0.6912325285895807,0.8694968553459119,6,716,2361,,,,,,,
multi_targeted_non_malicious,3,LightGBM,PGD-10-SNN-targeted-benign,0.2,3,0.9494234800838575,0.9493965222691838,0.5969601677148847,0.5016713115253136,0.35246331236897277,0.4599745870393901,0.8694968553459119,6,716,2361,10.0,3.0,0.1,,,,
multi_targeted_non_malicious,3,LightGBM,PGD-20-SNN-targeted-benign,0.2,3,0.9494234800838575,0.9493965222691838,0.5479559748427673,0.453668150047953,0.4014675052410902,0.5353663701821262,0.8694968553459119,6,716,2361,20.0,17.0,0.01764705882352941,,,,
multi_targeted_non_malicious,3,LightGBM,BBA-targeted-benign,0.2,3,0.9494234800838575,0.9493965222691838,0.3472222222222222,0.206117287717761,0.6022012578616353,0.9733163913595934,0.8694968553459119,6,716,2361,,,,200.0,130.0,120.0,
multi_targeted_non_malicious,3,LightGBM,DBA-style-targeted-benign,0.2,3,0.9494234800838575,0.9493965222691838,0.7565513626834381,0.725374239183919,0.19287211740041932,0.3117323168149089,0.8694968553459119,6,716,2361,,,,,,,35.0
multi_targeted_non_malicious,3,LightGBM,FGSM-SNN-targeted-benign,0.3,3,0.9494234800838575,0.9493965222691838,0.41247379454926625,0.3124558286258463,0.5369496855345912,0.6594663278271918,0.8694968553459119,6,716,2361,,,,,,,
multi_targeted_non_malicious,3,LightGBM,PGD-10-SNN-targeted-benign,0.3,3,0.9494234800838575,0.9493965222691838,0.5938155136268344,0.5042361211536026,0.3556079664570231,0.4286319356204998,0.8694968553459119,6,716,2361,10.0,3.0,0.1,,,,
multi_targeted_non_malicious,3,LightGBM,PGD-20-SNN-targeted-benign,0.3,3,0.9494234800838575,0.9493965222691838,0.5440251572327044,0.45189019652371115,0.40539832285115307,0.5260482846251588,0.8694968553459119,6,716,2361,20.0,17.0,0.01764705882352941,,,,
multi_targeted_non_malicious,3,LightGBM,BBA-targeted-benign,0.3,3,0.9494234800838575,0.9493965222691838,0.3438155136268344,0.19969483293501178,0.6056079664570231,0.9788225328250741,0.8694968553459119,6,716,2361,,,,200.0,130.0,120.0,
multi_targeted_non_malicious,3,LightGBM,DBA-style-targeted-benign,0.3,3,0.9494234800838575,0.9493965222691838,0.7552410901467506,0.7241853359451577,0.1941823899371069,0.3138500635324015,0.8694968553459119,6,716,2361,,,,,,,35.0
multi_targeted_non_malicious,4,RF,FGSM-SNN-targeted-benign,0.05,3,0.9261006289308176,0.9257909693875425,0.5600104821802935,0.5041895024664645,0.3660901467505241,0.3890328151986183,0.8726415094339622,6,716,2316,,,,,,,
multi_targeted_non_malicious,4,RF,PGD-10-SNN-targeted-benign,0.05,3,0.9261006289308176,0.9257909693875425,0.5773060796645703,0.5100519262886948,0.3487945492662473,0.4218480138169257,0.8726415094339622,6,716,2316,10.0,10.0,0.03,,,,
multi_targeted_non_malicious,4,RF,PGD-20-SNN-targeted-benign,0.05,3,0.9261006289308176,0.9257909693875425,0.5712788259958071,0.4991159949888768,0.3548218029350104,0.43048359240069084,0.8726415094339622,6,716,2316,20.0,19.0,0.015789473684210527,,,,
multi_targeted_non_malicious,4,RF,BBA-targeted-benign,0.05,3,0.9261006289308176,0.9257909693875425,0.7088574423480084,0.6946416974957849,0.21724318658280917,0.3579447322970639,0.8726415094339622,6,716,2316,,,,170.0,280.0,200.0,
multi_targeted_non_malicious,4,RF,DBA-style-targeted-benign,0.05,3,0.9261006289308176,0.9257909693875425,0.9124737945492662,0.9120707600116482,0.013626834381551323,0.022452504317789293,0.8726415094339622,6,716,2316,,,,,,,175.0
multi_targeted_non_malicious,4,RF,FGSM-SNN-targeted-benign,0.1,3,0.9261006289308176,0.9257909693875425,0.5361635220125787,0.454696359711228,0.3899371069182389,0.5427461139896373,0.8726415094339622,6,716,2316,,,,,,,
multi_targeted_non_malicious,4,RF,PGD-10-SNN-targeted-benign,0.1,3,0.9261006289308176,0.9257909693875425,0.575733752620545,0.4848379568156141,0.3503668763102725,0.4740932642487047,0.8726415094339622,6,716,2316,10.0,10.0,0.03,,,,
multi_targeted_non_malicious,4,RF,PGD-20-SNN-targeted-benign,0.1,3,0.9261006289308176,0.9257909693875425,0.5778301886792453,0.48639345140006934,0.3482704402515723,0.4745250431778929,0.8726415094339622,6,716,2316,20.0,19.0,0.015789473684210527,,,,
multi_targeted_non_malicious,4,RF,BBA-targeted-benign,0.1,3,0.9261006289308176,0.9257909693875425,0.6315513626834381,0.6207103005163035,0.2945492662473794,0.4853195164075993,0.8726415094339622,6,716,2316,,,,170.0,280.0,200.0,
multi_targeted_non_malicious,4,RF,DBA-style-targeted-benign,0.1,3,0.9261006289308176,0.9257909693875425,0.9124737945492662,0.9120707600116482,0.013626834381551323,0.022452504317789293,0.8726415094339622,6,716,2316,,,,,,,175.0
multi_targeted_non_malicious,4,RF,FGSM-SNN-targeted-benign,0.2,3,0.9261006289308176,0.9257909693875425,0.5356394129979035,0.4481229466854066,0.39046121593291405,0.572538860103627,0.8726415094339622,6,716,2316,,,,,,,
multi_targeted_non_malicious,4,RF,PGD-10-SNN-targeted-benign,0.2,3,0.9261006289308176,0.9257909693875425,0.5911949685534591,0.4956945445611369,0.33490566037735847,0.4632987910189983,0.8726415094339622,6,716,2316,10.0,10.0,0.03,,,,
multi_targeted_non_malicious,4,RF,PGD-20-SNN-targeted-benign,0.2,3,0.9261006289308176,0.9257909693875425,0.5940775681341719,0.4978651919940933,0.3320230607966457,0.45984455958549225,0.8726415094339622,6,716,2316,20.0,19.0,0.015789473684210527,,,,
multi_targeted_non_malicious,4,RF,BBA-targeted-benign,0.2,3,0.9261006289308176,0.9257909693875425,0.5068134171907757,0.4648145596119389,0.4192872117400419,0.690846286701209,0.8726415094339622,6,716,2316,,,,170.0,280.0,200.0,
multi_targeted_non_malicious,4,RF,DBA-style-targeted-benign,0.2,3,0.9261006289308176,0.9257909693875425,0.9124737945492662,0.9120707600116482,0.013626834381551323,0.022452504317789293,0.8726415094339622,6,716,2316,,,,,,,175.0
multi_targeted_non_malicious,4,RF,FGSM-SNN-targeted-benign,0.3,3,0.9261006289308176,0.9257909693875425,0.5335429769392034,0.4449207344541549,0.3925576519916142,0.5639032815198618,0.8726415094339622,6,716,2316,,,,,,,
multi_targeted_non_malicious,4,RF,PGD-10-SNN-targeted-benign,0.3,3,0.9261006289308176,0.9257909693875425,0.5911949685534591,0.4950288836169018,0.33490566037735847,0.45509499136442144,0.8726415094339622,6,716,2316,10.0,10.0,0.03,,,,
multi_targeted_non_malicious,4,RF,PGD-20-SNN-targeted-benign,0.3,3,0.9261006289308176,0.9257909693875425,0.5909329140461216,0.49488647915753003,0.335167714884696,0.46070811744386875,0.8726415094339622,6,716,2316,20.0,19.0,0.015789473684210527,,,,
multi_targeted_non_malicious,4,RF,BBA-targeted-benign,0.3,3,0.9261006289308176,0.9257909693875425,0.45938155136268344,0.3927167762715827,0.46671907756813413,0.7689982728842832,0.8726415094339622,6,716,2316,,,,170.0,280.0,200.0,
multi_targeted_non_malicious,4,RF,DBA-style-targeted-benign,0.3,3,0.9261006289308176,0.9257909693875425,0.9124737945492662,0.9120707600116482,0.013626834381551323,0.022452504317789293,0.8726415094339622,6,716,2316,,,,,,,175.0
multi_targeted_non_malicious,4,DT,FGSM-SNN-targeted-benign,0.05,3,0.8896750524109015,0.8894687686241002,0.4669811320754717,0.419939274960146,0.4226939203354298,0.4512411347517731,0.8456498951781971,6,716,2256,,,,,,,
multi_targeted_non_malicious,4,DT,PGD-10-SNN-targeted-benign,0.05,3,0.8896750524109015,0.8894687686241002,0.4722222222222222,0.4283149492487961,0.4174528301886793,0.41843971631205673,0.8456498951781971,6,716,2256,10.0,3.0,0.1,,,,
multi_targeted_non_malicious,4,DT,PGD-20-SNN-targeted-benign,0.05,3,0.8896750524109015,0.8894687686241002,0.4638364779874214,0.41416120742993484,0.4258385744234801,0.43395390070921985,0.8456498951781971,6,716,2256,20.0,9.5,0.031578947368421054,,,,
multi_targeted_non_malicious,4,DT,BBA-targeted-benign,0.05,3,0.8896750524109015,0.8894687686241002,0.36346960167714887,0.27252654709328683,0.5262054507337526,0.8900709219858156,0.8456498951781971,6,716,2256,,,,80.0,160.0,115.0,
multi_targeted_non_malicious,4,DT,DBA-style-targeted-benign,0.05,3,0.8896750524109015,0.8894687686241002,0.5290880503144654,0.5062458295130456,0.3605870020964361,0.6099290780141844,0.8456498951781971,6,716,2256,,,,,,,105.0
multi_targeted_non_malicious,4,DT,FGSM-SNN-targeted-benign,0.1,3,0.8896750524109015,0.8894687686241002,0.42557651991614254,0.3664371533947864,0.46409853249475896,0.5629432624113475,0.8456498951781971,6,716,2256,,,,,,,
multi_targeted_non_malicious,4,DT,PGD-10-SNN-targeted-benign,0.1,3,0.8896750524109015,0.8894687686241002,0.43186582809224316,0.38681964976258315,0.45780922431865834,0.43572695035460995,0.8456498951781971,6,716,2256,10.0,3.0,0.1,,,,
multi_targeted_non_malicious,4,DT,PGD-20-SNN-targeted-benign,0.1,3,0.8896750524109015,0.8894687686241002,0.43527253668763105,0.3867198260063845,0.45440251572327045,0.4148936170212766,0.8456498951781971,6,716,2256,20.0,9.5,0.031578947368421054,,,,
multi_targeted_non_malicious,4,DT,BBA-targeted-benign,0.1,3,0.8896750524109015,0.8894687686241002,0.3121069182389937,0.18910275198681303,0.5775681341719078,0.9769503546099291,0.8456498951781971,6,716,2256,,,,80.0,160.0,115.0,
multi_targeted_non_malicious,4,DT,DBA-style-targeted-benign,0.1,3,0.8896750524109015,0.8894687686241002,0.5091719077568134,0.48268836519016417,0.3805031446540881,0.6436170212765957,0.8456498951781971,6,716,2256,,,,,,,105.0
multi_targeted_non_malicious,4,DT,FGSM-SNN-targeted-benign,0.2,3,0.8896750524109015,0.8894687686241002,0.3860062893081761,0.29782021448749263,0.5036687631027255,0.5975177304964538,0.8456498951781971,6,716,2256,,,,,,,
multi_targeted_non_malicious,4,DT,PGD-10-SNN-targeted-benign,0.2,3,0.8896750524109015,0.8894687686241002,0.47562893081761004,0.430484112099978,0.41404612159329146,0.3550531914893617,0.8456498951781971,6,716,2256,10.0,3.0,0.1,,,,
multi_targeted_non_malicious,4,DT,PGD-20-SNN-targeted-benign,0.2,3,0.8896750524109015,0.8894687686241002,0.4638364779874214,0.407159878229674,0.4258385744234801,0.30895390070921985,0.8456498951781971,6,716,2256,20.0,9.5,0.031578947368421054,,,,
multi_targeted_non_malicious,4,DT,BBA-targeted-benign,0.2,3,0.8896750524109015,0.8894687686241002,0.30162473794549266,0.16865718334101942,0.5880503144654088,0.9946808510638298,0.8456498951781971,6,716,2256,,,,80.0,160.0,115.0,
multi_targeted_non_malicious,4,DT,DBA-style-targeted-benign,0.2,3,0.8896750524109015,0.8894687686241002,0.469601677148847,0.4267465708559442,0.4200733752620545,0.7105496453900709,0.8456498951781971,6,716,2256,,,,,,,105.0
multi_targeted_non_malicious,4,DT,FGSM-SNN-targeted-benign,0.3,3,0.8896750524109015,0.8894687686241002,0.3768343815513627,0.28711444822329996,0.5128406708595388,0.6161347517730497,0.8456498951781971,6,716,2256,,,,,,,
multi_targeted_non_malicious,4,DT,PGD-10-SNN-targeted-benign,0.3,3,0.8896750524109015,0.8894687686241002,0.4667190775681342,0.42325467310377757,0.4229559748427673,0.1622340425531915,0.8456498951781971,6,716,2256,10.0,3.0,0.1,,,,
multi_targeted_non_malicious,4,DT,PGD-20-SNN-targeted-benign,0.3,3,0.8896750524109015,0.8894687686241002,0.45990566037735847,0.4117246508330864,0.42976939203354303,0.15691489361702127,0.8456498951781971,6,716,2256,20.0,9.5,0.031578947368421054,,,,
multi_targeted_non_malicious,4,DT,BBA-targeted-benign,0.3,3,0.8896750524109015,0.8894687686241002,0.30162473794549266,0.16865718334101942,0.5880503144654088,0.9946808510638298,0.8456498951781971,6,716,2256,,,,80.0,160.0,115.0,
multi_targeted_non_malicious,4,DT,DBA-style-targeted-benign,0.3,3,0.8896750524109015,0.8894687686241002,0.4667190775681342,0.4223521619728516,0.4229559748427673,0.7154255319148937,0.8456498951781971,6,716,2256,,,,,,,105.0
multi_targeted_non_malicious,4,XGBoost,FGSM-SNN-targeted-benign,0.05,3,0.9473270440251572,0.9472403973386658,0.5128406708595388,0.4358071216802284,0.43448637316561844,0.46644153651329673,0.8616352201257862,6,716,2369,,,,,,,
multi_targeted_non_malicious,4,XGBoost,PGD-10-SNN-targeted-benign,0.05,3,0.9473270440251572,0.9472403973386658,0.5162473794549266,0.4389698038306544,0.4310796645702306,0.5082313212325876,0.8616352201257862,6,716,2369,10.0,8.0,0.0375,,,,
multi_targeted_non_malicious,4,XGBoost,PGD-20-SNN-targeted-benign,0.05,3,0.9473270440251572,0.9472403973386658,0.5146750524109015,0.4377131552464369,0.4326519916142557,0.5056986070071761,0.8616352201257862,6,716,2369,20.0,15.5,0.01935483870967742,,,,
multi_targeted_non_malicious,4,XGBoost,BBA-targeted-benign,0.05,3,0.9473270440251572,0.9472403973386658,0.514937106918239,0.47372043766476996,0.4323899371069182,0.6964964119881807,0.8616352201257862,6,716,2369,,,,170.0,170.0,165.0,
multi_targeted_non_malicious,4,XGBoost,DBA-style-targeted-benign,0.05,3,0.9473270440251572,0.9472403973386658,0.8985849056603774,0.8990522639456355,0.04874213836477981,0.07851414098775855,0.8616352201257862,6,716,2369,,,,,,,160.0
multi_targeted_non_malicious,4,XGBoost,FGSM-SNN-targeted-benign,0.1,3,0.9473270440251572,0.9472403973386658,0.49030398322851154,0.3992951502498882,0.4570230607966457,0.5555086534402701,0.8616352201257862,6,716,2369,,,,,,,
multi_targeted_non_malicious,4,XGBoost,PGD-10-SNN-targeted-benign,0.1,3,0.9473270440251572,0.9472403973386658,0.4992138364779874,0.41893666527356505,0.4481132075471698,0.6348670325031659,0.8616352201257862,6,716,2369,10.0,8.0,0.0375,,,,
multi_targeted_non_malicious,4,XGBoost,PGD-20-SNN-targeted-benign,0.1,3,0.9473270440251572,0.9472403973386658,0.5010482180293501,0.4224230360313971,0.44627882599580715,0.6411988180666948,0.8616352201257862,6,716,2369,20.0,15.5,0.01935483870967742,,,,
multi_targeted_non_malicious,4,XGBoost,BBA-targeted-benign,0.1,3,0.9473270440251572,0.9472403973386658,0.4360587002096436,0.35763488908788504,0.5112683438155137,0.8235542422963276,0.8616352201257862,6,716,2369,,,,170.0,170.0,165.0,
multi_targeted_non_malicious,4,XGBoost,DBA-style-targeted-benign,0.1,3,0.9473270440251572,0.9472403973386658,0.8959643605870021,0.8965116136159277,0.05136268343815509,0.08273533136344449,0.8616352201257862,6,716,2369,,,,,,,160.0
multi_targeted_non_malicious,4,XGBoost,FGSM-SNN-targeted-benign,0.2,3,0.9473270440251572,0.9472403973386658,0.4606918238993711,0.3646808932817617,0.48663522012578614,0.6361333896158716,0.8616352201257862,6,716,2369,,,,,,,
multi_targeted_non_malicious,4,XGBoost,PGD-10-SNN-targeted-benign,0.2,3,0.9473270440251572,0.9472403973386658,0.4832285115303983,0.4043715468769411,0.4640985324947589,0.715913887716336,0.8616352201257862,6,716,2369,10.0,8.0,0.0375,,,,
multi_targeted_non_malicious,4,XGBoost,PGD-20-SNN-targeted-benign,0.2,3,0.9473270440251572,0.9472403973386658,0.48427672955974843,0.406842453015787,0.4630503144654088,0.7171802448290417,0.8616352201257862,6,716,2369,20.0,15.5,0.01935483870967742,,,,
multi_targeted_non_malicious,4,XGBoost,BBA-targeted-benign,0.2,3,0.9473270440251572,0.9472403973386658,0.4129979035639413,0.31951471746785204,0.5343291404612159,0.8607007176023639,0.8616352201257862,6,716,2369,,,,170.0,170.0,165.0,
multi_targeted_non_malicious,4,XGBoost,DBA-style-targeted-benign,0.2,3,0.9473270440251572,0.9472403973386658,0.8954402515723271,0.8960001681125449,0.05188679245283012,0.08357956943858168,0.8616352201257862,6,716,2369,,,,,,,160.0
multi_targeted_non_malicious,4,XGBoost,FGSM-SNN-targeted-benign,0.3,3,0.9473270440251572,0.9472403973386658,0.44051362683438156,0.34343416570393465,0.5068134171907757,0.6863655550865344,0.8616352201257862,6,716,2369,,,,,,,
multi_targeted_non_malicious,4,XGBoost,PGD-10-SNN-targeted-benign,0.3,3,0.9473270440251572,0.9472403973386658,0.48663522012578614,0.40931147732002177,0.4606918238993711,0.6791895314478683,0.8616352201257862,6,716,2369,10.0,8.0,0.0375,,,,
multi_targeted_non_malicious,4,XGBoost,PGD-20-SNN-targeted-benign,0.3,3,0.9473270440251572,0.9472403973386658,0.48768343815513626,0.4105659677286285,0.45964360587002095,0.6787674124102997,0.8616352201257862,6,716,2369,20.0,15.5,0.01935483870967742,,,,
multi_targeted_non_malicious,4,XGBoost,BBA-targeted-benign,0.3,3,0.9473270440251572,0.9472403973386658,0.4025157232704403,0.30334521375035445,0.5448113207547169,0.8775854791051076,0.8616352201257862,6,716,2369,,,,170.0,170.0,165.0,
multi_targeted_non_malicious,4,XGBoost,DBA-style-targeted-benign,0.3,3,0.9473270440251572,0.9472403973386658,0.8941299790356394,0.8946840546752879,0.05319706498951782,0.08569016462642465,0.8616352201257862,6,716,2369,,,,,,,160.0
multi_targeted_non_malicious,4,LightGBM,FGSM-SNN-targeted-benign,0.05,3,0.9486373165618449,0.9485421969617711,0.5015723270440252,0.42787659555834595,0.4470649895178197,0.5008453085376162,0.8577044025157232,6,716,2366,,,,,,,
multi_targeted_non_malicious,4,LightGBM,PGD-10-SNN-targeted-benign,0.05,3,0.9486373165618449,0.9485421969617711,0.5230607966457023,0.44373412361525094,0.42557651991614265,0.4687235841081995,0.8577044025157232,6,716,2366,10.0,3.0,0.1,,,,
multi_targeted_non_malicious,4,LightGBM,PGD-20-SNN-targeted-benign,0.05,3,0.9486373165618449,0.9485421969617711,0.5455974842767296,0.45641729943239134,0.4030398322851153,0.4167371090448014,0.8577044025157232,6,716,2366,20.0,17.0,0.01764705882352941,,,,
multi_targeted_non_malicious,4,LightGBM,BBA-targeted-benign,0.05,3,0.9486373165618449,0.9485421969617711,0.3941299790356394,0.2903838590418143,0.5545073375262055,0.8943364327979713,0.8577044025157232,6,716,2366,,,,200.0,130.0,120.0,
multi_targeted_non_malicious,4,LightGBM,DBA-style-targeted-benign,0.05,3,0.9486373165618449,0.9485421969617711,0.764412997903564,0.7386646618622247,0.18422431865828093,0.2971259509721048,0.8577044025157232,6,716,2366,,,,,,,35.0
multi_targeted_non_malicious,4,LightGBM,FGSM-SNN-targeted-benign,0.1,3,0.9486373165618449,0.9485421969617711,0.4808700209643606,0.4057078253095427,0.4677672955974843,0.5807269653423499,0.8577044025157232,6,716,2366,,,,,,,
multi_targeted_non_malicious,4,LightGBM,PGD-10-SNN-targeted-benign,0.1,3,0.9486373165618449,0.9485421969617711,0.5618448637316562,0.46726047234988405,0.3867924528301887,0.35672020287404904,0.8577044025157232,6,716,2366,10.0,3.0,0.1,,,,
multi_targeted_non_malicious,4,LightGBM,PGD-20-SNN-targeted-benign,0.1,3,0.9486373165618449,0.9485421969617711,0.5550314465408805,0.45491915814697614,0.39360587002096437,0.32037193575655115,0.8577044025157232,6,716,2366,20.0,17.0,0.01764705882352941,,,,
multi_targeted_non_malicious,4,LightGBM,BBA-targeted-benign,0.1,3,0.9486373165618449,0.9485421969617711,0.3810272536687631,0.26696280083919643,0.5676100628930818,0.915469146238377,0.8577044025157232,6,716,2366,,,,200.0,130.0,120.0,
multi_targeted_non_malicious,4,LightGBM,DBA-style-targeted-benign,0.1,3,0.9486373165618449,0.9485421969617711,0.7641509433962265,0.7383345332130248,0.18448637316561844,0.2975486052409129,0.8577044025157232,6,716,2366,,,,,,,35.0
multi_targeted_non_malicious,4,LightGBM,FGSM-SNN-targeted-benign,0.2,3,0.9486373165618449,0.9485421969617711,0.4643605870020964,0.39723564275765716,0.4842767295597485,0.5160608622147084,0.8577044025157232,6,716,2366,,,,,,,
multi_targeted_non_malicious,4,LightGBM,PGD-10-SNN-targeted-benign,0.2,3,0.9486373165618449,0.9485421969617711,0.5783542976939203,0.48085415813259047,0.3702830188679246,0.3148774302620456,0.8577044025157232,6,716,2366,10.0,3.0,0.1,,,,
multi_targeted_non_malicious,4,LightGBM,PGD-20-SNN-targeted-benign,0.2,3,0.9486373165618449,0.9485421969617711,0.5681341719077568,0.46835020128435045,0.3805031446540881,0.3503803888419273,0.8577044025157232,6,716,2366,20.0,17.0,0.01764705882352941,,,,
multi_targeted_non_malicious,4,LightGBM,BBA-targeted-benign,0.2,3,0.9486373165618449,0.9485421969617711,0.37945492662473795,0.2644646484827635,0.5691823899371069,0.9180050718512257,0.8577044025157232,6,716,2366,,,,200.0,130.0,120.0,
multi_targeted_non_malicious,4,LightGBM,DBA-style-targeted-benign,0.2,3,0.9486373165618449,0.9485421969617711,0.7638888888888888,0.7385141929246692,0.18474842767295607,0.29797125950972103,0.8577044025157232,6,716,2366,,,,,,,35.0
multi_targeted_non_malicious,4,LightGBM,FGSM-SNN-targeted-benign,0.3,3,0.9486373165618449,0.9485421969617711,0.42924528301886794,0.3548763819176,0.5193920335429769,0.5338123415046492,0.8577044025157232,6,716,2366,,,,,,,
multi_targeted_non_malicious,4,LightGBM,PGD-10-SNN-targeted-benign,0.3,3,0.9486373165618449,0.9485421969617711,0.5904088050314465,0.5085122807416652,0.35822851153039836,0.3140321217244294,0.8577044025157232,6,716,2366,10.0,3.0,0.1,,,,
multi_targeted_non_malicious,4,LightGBM,PGD-20-SNN-targeted-benign,0.3,3,0.9486373165618449,0.9485421969617711,0.5649895178197065,0.47379342566203453,0.3836477987421384,0.3596787827557058,0.8577044025157232,6,716,2366,20.0,17.0,0.01764705882352941,,,,
multi_targeted_non_malicious,4,LightGBM,BBA-targeted-benign,0.3,3,0.9486373165618449,0.9485421969617711,0.3752620545073375,0.2577193189607315,0.5733752620545074,0.9247675401521556,0.8577044025157232,6,716,2366,,,,200.0,130.0,120.0,
multi_targeted_non_malicious,4,LightGBM,DBA-style-targeted-benign,0.3,3,0.9486373165618449,0.9485421969617711,0.7633647798742138,0.7380407058209217,0.1852725366876311,0.2988165680473373,0.8577044025157232,6,716,2366,,,,,,,35.0
